Date,Media Sources,Neutral,Positive,Text,Tweet Polarity,Tweets Ago
09/21/2017,BBC News (UK),0.686,0.0,House of Lords rejects 'flawed' expenses report https://t.co/opJE2dOIo2,-0.4939,100
09/21/2017,BBC News (UK),0.446,0.0,"Boy, 17, arrested over Tube attack https://t.co/PqJRSN1WWR",-0.7351,99
09/21/2017,BBC News (UK),0.672,0.0,James Herbert death: Watchdog makes police restraint recommendations https://t.co/ASRD8T1Bqr,-0.5994,98
09/20/2017,BBC News (UK),0.882,0.0,Quit smoking campaign Stoptobber backs e-cigs for first time https://t.co/VC4ZA8kogX,-0.0516,97
09/20/2017,BBC News (UK),0.598,0.231,"Chronic fatigue therapy 'could help teenagers', study says https://t.co/b7TODa2Dgh",0.1779,96
09/20/2017,BBC News (UK),0.504,0.496,Nine in 10 GPs rated good or outstanding https://t.co/4natrp95V2,0.7845,95
09/20/2017,BBC News (UK),0.809,0.0,"Thursday's Times: ""UN is failing the world, May tells global leaders"" #tomorrowspaperstoday (via @BBCHelenaLee) https://t.co/VP8O7HcXdZ",-0.5106,94
09/20/2017,BBC News (UK),0.696,0.0,"Thursday's Mirror: ""Crime Lords"" #tomorrowspaperstoday #bbcpapers (via @BBCHelenaLee) https://t.co/9PUo1Hbo6V",-0.5423,93
09/20/2017,BBC News (UK),0.558,0.298,"Thursday's Mail: ""Shame of care homes that just don't care"" #tomorrowspaperstoday #bbcpapers (via @BBCHelenaLee) https://t.co/kFzakhMs94",0.5106,92
09/20/2017,BBC News (UK),1.0,0.0,"Thursday's Guardian: ""May hits out at US 'threat' to climate treaty"" #tomorrowspaperstoday (via @BBCHelenaLee) https://t.co/Ky9Y36Z8f9",0.0,91
09/20/2017,BBC News (UK),1.0,0.0,"Thursday's Star: ""Rooney has to give up the booze"" #tomorrowspaperstoday #bbcpapers (via @BBCHelenaLee) https://t.co/7Ckj3fnoJz",0.0,90
09/20/2017,BBC News (UK),1.0,0.0,"Thursday's Sun: ""Dubai Brit faces jail for finger salute"" #tomorrowspaperstoday #bbcpapers (via @BBCHelenaLee) https://t.co/HOxZeLwvDQ",0.0,89
09/20/2017,BBC News (UK),0.562,0.0,"Thursday's i: ""Death by dangerous cycling"" #tomorrowspaperstoday #bbcpapers (via @BBCHelenaLee) https://t.co/4dzWdBvaj0",-0.7906,88
09/20/2017,BBC News (UK),1.0,0.0,"Thursday's Express: ""May's big push for EU exit"" #tomorrowspaperstoday #bbcpapers (via @BBCHelenaLee)  https://t.co/SckgG5CIi3",0.0,87
09/20/2017,BBC News (UK),0.847,0.153,"Thursday's Telegraph: ""Treasury 'talking down Brexit'"" #tomorrowspaperstoday #bbcpapers (via @BBCHelenaLee) https://t.co/ZzYgCmPfBQ",0.2023,86
09/20/2017,BBC News (UK),1.0,0.0,"Thursday's Metro: ""Ry-Unfair"" #tomorrowspaperstoday #bbcpapers (via @BBCHelenaLee) https://t.co/TeJLZMQEn0",0.0,85
09/20/2017,BBC News (UK),1.0,0.0,"Thursday's FT:""Fed calls historic end to crisis-era QE and signals further rate rise"" #bbcpapers (via @BBCHelenaLee) https://t.co/z61ChM8Fuz",0.0,84
09/20/2017,BBC News (UK),0.526,0.246,UK threatens to withhold United Nations funding https://t.co/14skjk76f8,0.0516,83
09/20/2017,BBC News (UK),0.787,0.213,Cathedral defends decision to allow Hellboy filming https://t.co/lcFx67d8DG,0.2263,82
09/20/2017,BBC News (UK),0.738,0.262,"Court ruling not needed to withdraw care, judge says https://t.co/UjDAnevlR2",0.4939,81
09/20/2017,BBC News (UK),0.678,0.0,"The RAF has killed more than 3,000 IS fighters in Iraq and Syria https://t.co/fr4inOLvoM",-0.6908,80
09/20/2017,BBC News (UK),1.0,0.0,RT @BBCEngland: A raid on a three-bedroom house in north west London found 35 men living in rooms full of mattresses https://t.co/M0sY6IOVl‚Ä¶,0.0,79
09/20/2017,BBC News (UK),0.82,0.094,"RT @BBCWorld: UK PM Theresa May says UN Security Council members must exert ""the pressure we know is necessary"" on North Korea https://t.co‚Ä¶",0.0516,78
09/20/2017,BBC News (UK),0.561,0.218,Theresa May praises resilience of British people after terror attacks &amp; is met by applause at UN General Assembly‚Ä¶ https://t.co/qUqNLoJh26,-0.0258,77
09/20/2017,BBC News (UK),1.0,0.0,RAF heads off Russian jets near Scotland https://t.co/OM6RFzunpP,0.0,76
09/20/2017,BBC News (UK),1.0,0.0,Queensbury raid uncovers 35 men living in house https://t.co/38dmY6PnaK,0.0,75
09/20/2017,BBC News (UK),0.909,0.091,"RT @5liveSport: How well have the FA handled the Mark Sampson situation?

Chief executive Martin Glenn feels it has been ""positive""

https:‚Ä¶",0.2732,74
09/20/2017,BBC News (UK),0.824,0.0,Thomas Cook pilots to strike on Saturday https://t.co/q2PIotRKXy,-0.128,73
09/20/2017,BBC News (UK),0.722,0.0,Ryanair compensation info 'woefully short' says Which? https://t.co/3EJEazv8go,-0.4019,72
09/20/2017,BBC News (UK),1.0,0.0,RT @BBCSport: FA chief executive Martin Glenn explains why England women's manager Mark Sampson was sacked ‚û°Ô∏è https://t.co/6pWTWQkcP2 https‚Ä¶,0.0,71
09/20/2017,BBC News (UK),0.842,0.0,"Mark Sampson has been sacked following evidence of ""inappropriate &amp; unacceptable"" behaviour in a previous role - FA  https://t.co/XkRIXhTk8z",-0.4588,70
09/20/2017,BBC News (UK),0.769,0.095,"RT @danroan: BREAKING: FA sack Mark Sampson over ""inappropriate &amp; unacceptable behaviour"" after safeguarding allegations from when at Brist‚Ä¶",-0.2263,69
09/20/2017,BBC News (UK),0.34,0.0,Rochdale abuse victims fear they will die before inquiry ends https://t.co/JS3girwses,-0.9274,68
09/20/2017,BBC News (UK),1.0,0.0,UK scientists edit DNA of human embryos https://t.co/2EIhH8F2Uy,0.0,67
09/20/2017,BBC News (UK),1.0,0.0,"PM to host meetings with other world leaders and Facebook, Microsoft and Twitter at UN general assembly https://t.co/2EISznA5P2",0.0,66
09/20/2017,BBC News (UK),0.797,0.0,"RT @BBCWorld: ""It never achieved popularity with creators or users"" https://t.co/7K0pgYzSiD",-0.3724,65
09/20/2017,BBC News (UK),0.806,0.194,"RT @bbcgetinspired: Surfing superhero 

Ben wants to make surfing accessible to everyone. 

This is a great story https://t.co/Dhzyy9qggy #‚Ä¶",0.6249,64
09/20/2017,BBC News (UK),0.873,0.0,"RT @BBCr4today: Here are divers on a recently found 2000 year old wreck.

Listen back to the tale of the discovery https://t.co/mxItVfD0VO‚Ä¶",-0.4404,63
09/20/2017,BBC News (UK),0.833,0.0,"RT @BBCWorld: Iran's president says Donald Trump's UN speech was ""ignorant, absurd"" and contained ""hateful rhetoric"" 

https://t.co/dL3qiRx‚Ä¶",-0.4939,62
09/20/2017,BBC News (UK),0.833,0.0,"RT @BBCEngland: McCain, which featured a gay couple and their son in a TV ad, says it is ""disappointed"" they received online abuse https://‚Ä¶",-0.6369,61
09/20/2017,BBC News (UK),1.0,0.0,RT @BBCTech: A hidden golf game has been found on #NintendoSwitch https://t.co/zQpTMryXEB,0.0,60
09/20/2017,BBC News (UK),0.796,0.0,Take Me Out star 'hanged himself after job loss' https://t.co/R7UYBgr4Bb,-0.3182,59
09/20/2017,BBC News (UK),0.659,0.07,"RT @BBCEngland: The death of a four-year-old boy found hanged by his hooded top was an ""extraordinary"" accident, a coroner says https://t.c‚Ä¶",-0.7351,58
09/20/2017,BBC News (UK),0.587,0.121,"RT @BBCWorld: Mexico quake: 

- More than 200 killed
- 39 buildings collapse in Mexico City
- Rescue continues  

Latest updates: https://t‚Ä¶",-0.6872,57
09/20/2017,BBC News (UK),0.254,0.11,University Challenge contestant denies rape https://t.co/IAvU0sFDZV,-0.802,56
09/20/2017,BBC News (UK),0.531,0.0,Britain First leaders charged with religious harassment https://t.co/rCPWOQlVOy,-0.6486,55
09/20/2017,BBC News (UK),0.562,0.0,McCain's dismay over online abuse for TV ad gay dads https://t.co/APztmF6ySd,-0.7906,54
09/20/2017,BBC News (UK),0.882,0.0,Mark Sampson set to leave as England women's manager https://t.co/F9Xq3O68rQ,-0.0516,53
09/20/2017,BBC News (UK),0.672,0.328,"RT @BBC_HaveYourSay: ""A huge wave of people emerged to help with the rescue effort"" after the Mexican  earthquake #FueraMexico https://t.co‚Ä¶",0.8074,52
09/20/2017,BBC News (UK),0.881,0.0,"RT @BBCSport: Sergio Perez has donated ¬£124,500 to victims of the earthquake in his native Mexico.
https://t.co/V697xdKevA https://t.co/XQr‚Ä¶",-0.3182,51
09/20/2017,BBC News (UK),0.658,0.0,"RT @bbc5live: 'I am going to die' @vicderbyshire on her immediate assumption following her cancer diagnosis

#DearcancerloveVictoria #DearC‚Ä¶",-0.8519,50
09/20/2017,BBC News (UK),0.883,0.117,"RT @BBCr4today: Meet Renee Glynne.

At 91 she's the most credited script supervisor of all time.

And... she's still working. #r4today http‚Ä¶",0.4201,49
09/20/2017,BBC News (UK),1.0,0.0,"Scarborough boy Maison Hirstle, 4, 'hanged' by hoodie https://t.co/cBDd0VuFl6",0.0,48
09/20/2017,BBC News (UK),1.0,0.0,M1 closure object 'possibly hydrochloric acid' https://t.co/0T6E4bJ73H,0.0,47
09/20/2017,BBC News (UK),0.482,0.205,Rashan Charles death: Police officer not suspended https://t.co/OVFi6nwutm,-0.3283,46
09/20/2017,BBC News (UK),0.69,0.18,"RT @BBCWorld: People formed human chains to reach others who were trapped.

Praise for those who helped after Mexico earthquake

https://t.‚Ä¶",0.0772,45
09/20/2017,BBC News (UK),0.743,0.089,"RT @BBCWorld: #FuerzaMexico (strength to Mexico) was shared more than 1m times after the earthquake that killed more than 200 hit

https://‚Ä¶",-0.4767,44
09/20/2017,BBC News (UK),0.543,0.457,"""The best of British"" üõ≥Ô∏èüá¨üáß

https://t.co/SHUlQqUhZG",0.6369,43
09/20/2017,BBC News (UK),0.871,0.0,"RT @bbc5live: They call it 'the most dangerous border on Earth'

@annaefoster takes us to the very edge of South Korea

BLOG üì≤: https://t.c‚Ä¶",-0.5256,42
09/20/2017,BBC News (UK),0.798,0.092,"RT @vicderbyshire: 3 wks after our exclusive on a controversial sterilisation device, the manufacturer withdraws it https://t.co/sZiwMmm7Ie‚Ä¶",-0.0772,41
09/20/2017,BBC News (UK),0.532,0.0,Nottingham gas explosion: Two seriously injured https://t.co/ED9weTVATp,-0.5267,40
09/20/2017,BBC News (UK),0.827,0.173,"Olivia and Oliver are top of the list of baby names in England and Wales, how popular is your name? Find out here:‚Ä¶ https://t.co/B0N6bjRI1q",0.5574,39
09/20/2017,BBC News (UK),0.824,0.0,Birmingham bin strike halted after court ruling https://t.co/AyuG1ZdAPT,-0.128,38
09/20/2017,BBC News (UK),0.635,0.0,Warning over food import delays if no Brexit deal https://t.co/bhCFVjACur,-0.5574,37
09/20/2017,BBC News (UK),0.764,0.236,"Olivia &amp; Oliver are the most popular üë∂ names in England and Wales. 

How popular is your name? Find out here ‚û°‚Ä¶ https://t.co/KCu9Y5Hcmw",0.734,36
09/20/2017,BBC News (UK),1.0,0.0,Female film casting same as 100 years ago https://t.co/nt5LOZ0ria,0.0,35
09/20/2017,BBC News (UK),1.0,0.0,RT @BBCEngland: The first statue of a woman to be built in Parliament Square - suffragist Millicent Fawcett - gets the go ahead https://t.c‚Ä¶,0.0,34
09/20/2017,BBC News (UK),1.0,0.0,Woman held at Heathrow Airport in anti-terrorism probe https://t.co/EfpHrv10S1,0.0,33
09/20/2017,BBC News (UK),0.813,0.187,Euro Parliament negotiator: 'Up to UK to find border solution' https://t.co/VyQvcRoDub,0.3182,32
09/20/2017,BBC News (UK),0.864,0.0,Couple who can't afford their dream wedding ask guests to pay ¬£150 each to be there on their big day üë∞üíçüéä‚Ä¶ https://t.co/190nNr4neU,-0.2824,31
09/20/2017,BBC News (UK),1.0,0.0,RT @BBCEngland: Do we judge people by what they're called? https://t.co/A5i4IIUDFp https://t.co/Eyw4UdHT0z,0.0,30
09/20/2017,BBC News (UK),0.849,0.0,"RT @BBCWorld: First aerial images emerge showing the damage to the island of Dominica after Hurricane #Maria

https://t.co/0PsqsN5ygJ https‚Ä¶",-0.4939,29
09/20/2017,BBC News (UK),0.847,0.153,Baby names: Olivia top as William makes way for Muhammad https://t.co/rzIJi0cAr9,0.2023,28
09/20/2017,BBC News (UK),0.782,0.0,"RT @BBCNewsround: More than 400,000 Rohingya people have had to flee their homes in Myanmar, after fighting broke out there https://t.co/fI‚Ä¶",-0.6486,27
09/20/2017,BBC News (UK),1.0,0.0,RT @BBCLondonNews: London venue is UK's first to use digital-only ticketing https://t.co/AGqsS23TtY https://t.co/AsudyCbngv,0.0,26
09/20/2017,BBC News (UK),0.692,0.0,"RT @VictoriaLIVE: 'Academic pressure is adding to risks of teenage depression - ""we need to turn down the heat""' says @_NatashaDevon
https:‚Ä¶",-0.7906,25
09/20/2017,BBC News (UK),0.34,0.0,Two more arrested over Tube bomb attack https://t.co/NOTUMOx20C,-0.8655,24
09/20/2017,BBC News (UK),0.9,0.0,"RT @VictoriaLIVE: ""A lot of buildings collapsed - you have to wonder if the buildings meet the earthquake code"" #mexicoearthquake https://t‚Ä¶",-0.2732,23
09/20/2017,BBC News (UK),0.753,0.247,"Meet the man who invented this :-) 

üòÑüòä‚ò∫üòÅüòÜüòÖüòÄüòÉ https://t.co/tyrYD8M7VJ",0.3869,22
09/20/2017,BBC News (UK),0.885,0.115,RT @BBCBusiness: US-style coffee or Italian coffee? Which one gets your vote? @maurogalluzzo reveals why Italians may surprise you ‚òï https:‚Ä¶,0.3527,21
09/20/2017,BBC News (UK),0.667,0.0,'Remove racist' Native American tapestry from public display https://t.co/vLRObosnfA,-0.6124,20
09/20/2017,BBC News (UK),1.0,0.0,"RT @BBCWorld: Follow the latest news on the #mexicoearthquake 

https://t.co/JxB93vuqa4 https://t.co/EMIuwHv8wV",0.0,19
09/20/2017,BBC News (UK),0.783,0.217,RT @BBCEngland: Greater Manchester Police reveals more than one in five of its computers were still running Windows XP as of July https://t‚Ä¶,0.7034,18
09/20/2017,BBC News (UK),0.712,0.124,"RT @BBCWorld: Strong earthquake hits central Mexico, killing more than 200 people and toppling dozens of buildings in Mexico City

https://‚Ä¶",-0.2732,17
09/20/2017,BBC News (UK),1.0,0.0,RT @bbcweather: Here's your Wednesday planner. Get the forecast for where you are here https://t.co/irGlOFGKGH Alina https://t.co/BxNT6syhSj,0.0,16
09/20/2017,BBC News (UK),1.0,0.0,"RT @BBCBenThompson: 4,000 jobs to go as India's Tata Steel &amp; German rival, Thyssenkrupp, merge European steel arms. CFO tells me deal safeg‚Ä¶",0.0,15
09/20/2017,BBC News (UK),0.733,0.0,RT @BBCFergusWalsh: Life-extending lung cancer drug denied to writer AA Gill to be made immediately available to NHS patients in England ht‚Ä¶,-0.8074,14
09/20/2017,BBC News (UK),0.696,0.0,Prisoner quizzed over Marvin Couson Lime bar shooting https://t.co/bUOpeiAKB8,-0.5423,13
09/20/2017,BBC News (UK),0.917,0.083,RT @BBCBreakfast: A new survey suggests a third of people admit to checking their phone within 5 mins of waking up. Sound familiar? üì± https‚Ä¶,0.2023,12
09/20/2017,BBC News (UK),1.0,0.0,"RT @BBCr4today: ""Utterly extraordinary""

Here are divers on a recently found 2000 year old Roman Galley #r4today https://t.co/TUQzICkXB1",0.0,11
09/20/2017,BBC News (UK),0.798,0.0,"RT @BBCNewsAsia: Baggage handler, who allegedly swapped hundreds of luggage tags at Singapore's Changi Airport, charged with mischief https‚Ä¶",-0.5106,10
09/20/2017,BBC News (UK),0.717,0.283,RT @BBCBusiness: On #BBCBizLive: there's reports Amazon is about to launch smart glasses using it's Alexa AI. Are smart glasses a wearable‚Ä¶,0.7269,9
09/20/2017,BBC News (UK),0.75,0.203,RT @BBCBreakfast: EXCLUSIVE: The moment Prince Harry met the Foo Fighters. The band tell Breakfast how their friendship with the Prince beg‚Ä¶,0.6037,8
09/20/2017,BBC News (UK),0.861,0.0,"RT @BBCr4today: A quarter of girls and nearly one in 10 boys show signs of depression at the age of 14, say UK researchers https://t.co/AdO‚Ä¶",-0.5719,7
09/20/2017,BBC News (UK),1.0,0.0,"RT @BBCWorld: Follow the latest news on the #mexicoearthquake

https://t.co/39rCHhtRhG https://t.co/ZZN8nR77WC",0.0,6
09/20/2017,BBC News (UK),0.562,0.0,RT @DannyShawBBC: Latest on #ParsonsGreen attack: 3rd arrest; extremist referral re bomb suspect; details of bomber's journey  https://t.co‚Ä¶,-0.872,5
09/20/2017,BBC News (UK),0.775,0.05,"RT @BBCWorld: ""The movement was intense"" - Laura Carlsen was in Mexico City when earthquake that's killed more than 220 people hit https://‚Ä¶",-0.6369,4
09/20/2017,BBC News (UK),0.645,0.0,"Your morning briefing: More than 220 dead in Mexico earthquake, PM warns tech firms over terror &amp; other stories‚Ä¶ https://t.co/gm7o2G50eg",-0.8542,3
09/20/2017,BBC News (UK),1.0,0.0,Tata Steel and ThyssenKrupp merger deal confirmed https://t.co/7rYQw3hIl8,0.0,2
09/20/2017,BBC News (UK),0.843,0.0,"RT @BBCWorld: As Hurricane Maria bears down on Puerto Rico... https://t.co/CrAGG0Rwnh

Mexico earthquake devastation continues: https://t.c‚Ä¶",-0.4215,1
09/21/2017,CBS News,0.737,0.129,"First responders' work has been at times frantic, painstaking in the aftermath of the powerful Mexico earthquake‚Ä¶ https://t.co/Yqs9lk2oy3",-0.0258,100
09/21/2017,CBS News,0.805,0.195,Attorney General Jeff Sessions to testify before Senate panel about Department of Justice oversight‚Ä¶ https://t.co/btUL8oUcOd,0.5267,99
09/21/2017,CBS News,1.0,0.0,Attendance numbers for youth football are declining amid health concerns over brain injuries https://t.co/sLjHcC92bi https://t.co/hrhHifgMPV,0.0,98
09/21/2017,CBS News,0.891,0.0,"Iran's president said no alterations would made to current nuclear deal. In response, Tillerson says ""never say nev‚Ä¶ https://t.co/aFEZf21dUZ",-0.296,97
09/21/2017,CBS News,0.776,0.091,"After being asked if nuclear deal hurts U.S. credibility with N. Korea, Tillerson says ""nature of agreements"" are g‚Ä¶ https://t.co/nmpmHrCC2b",-0.25,96
09/21/2017,CBS News,1.0,0.0,"Tillerson would not reveal Pres. Trump's decision on nuclear deal, but says after meeting, Iran is in ""technical co‚Ä¶ https://t.co/T2zEGT27Jn",0.0,95
09/21/2017,CBS News,0.762,0.1,"""They have provided weapons and training forces to deploy to create instability throughout the region,"" Tillerson s‚Ä¶ https://t.co/xKzNhkrriZ",-0.2023,94
09/21/2017,CBS News,1.0,0.0,"Tillerson says Iran has ""not met expectations"" in nuclear arms deal https://t.co/8Mr3oU6IGe",0.0,93
09/21/2017,CBS News,0.84,0.0,"""Our thoughts and prayers are with the Mexican people as they are dealing with this terrible tragedy,"" Tillerson sa‚Ä¶ https://t.co/IyhYVftL5Z",-0.561,92
09/21/2017,CBS News,1.0,0.0,"NOW: Secretary of State Rex Tillerson holds press conference following the Joint Commission Meeting hosted by EU, a‚Ä¶ https://t.co/6BKC8i2JDq",0.0,91
09/21/2017,CBS News,0.909,0.091,Amazon is reviewing procedures after it was revealed its website may unwittingly give tips to would-be bombers‚Ä¶ https://t.co/2Nsnu2TiKp,0.1779,90
09/21/2017,CBS News,0.87,0.13,Special counsel Robert Mueller has asked the White House for documents from Pres. Trump's time since taking office‚Ä¶ https://t.co/xDCiGuQVtW,0.4019,89
09/20/2017,CBS News,1.0,0.0,Why a team of 8-year-old football players decided to kneel for the national anthem ahead of Sunday's game. https://t.co/8IxpKP49UO,0.0,88
09/20/2017,CBS News,0.75,0.0,Maria knocked out Puerto Rico's power and left loads of damage to an island already struggling with a massive debt‚Ä¶ https://t.co/9Fu4hM2Fdq,-0.7184,87
09/20/2017,CBS News,0.802,0.0,"Police search for ""Mad Pooper"" who's defecating on lawns in a Colorado neighborhood https://t.co/YjhuDB3umT https://t.co/tZLWkrv4Sc",-0.4939,86
09/20/2017,CBS News,0.706,0.208,"""I felt like they were doing work that no one else was doing,"" @MumfordAndSons' Marcus said about his charity work‚Ä¶ https://t.co/IMSMLs6Wke",0.4767,85
09/20/2017,CBS News,0.762,0.0,"Southern California is battling an outbreak of hepatitis A, which attacks the liver and is highly contagious.‚Ä¶ https://t.co/hpYPNZfL4J",-0.6124,84
09/20/2017,CBS News,0.708,0.08,"Playing tackle football before age 12 dramatically increases risk for brain problems later in life, new study finds‚Ä¶ https://t.co/l7mFnurIL7",-0.4588,83
09/20/2017,CBS News,0.87,0.13,Mark Phillips reports @amazon is reviewing procedures after it was revealed that its website may unwittingly help w‚Ä¶ https://t.co/AvhhESCcDv,0.4019,82
09/20/2017,CBS News,0.63,0.37,Senate Republicans say their new health care plan may be their best chance for getting rid of Obamacare.‚Ä¶ https://t.co/bHdLpNxCjE,0.8555,81
09/20/2017,CBS News,0.816,0.184,.@jeffpeguescbs learned of emails that show a top Trump operative reaching out to an associate of Vladimir Putin. https://t.co/2SQiVJuriD,0.3818,80
09/20/2017,CBS News,0.874,0.0,"At least 230 people were killed, but there are also incredible stories of survival. @BojorquezCBS has more from Mex‚Ä¶ https://t.co/CipvBXJbwz",-0.4118,79
09/20/2017,CBS News,0.877,0.123,"Hurricane Maria, the most powerful storm to hit Puerto Rico in more than 80 years has knocked out power to the isla‚Ä¶ https://t.co/2V92atBpog",0.4754,78
09/20/2017,CBS News,1.0,0.0,Here's a quick look at what's ahead on @CBSEveningNews: https://t.co/Pzq6KWczZc,0.0,77
09/20/2017,CBS News,1.0,0.0,"Paul Manafort offered to give Russian billionaire ""private briefings"" on 2016 campaign, according to report‚Ä¶ https://t.co/KhSzdBzLig",0.0,76
09/20/2017,CBS News,1.0,0.0,AHEAD: Hurricane Maria blasted Puerto Rico with 155 mph winds today. @DavidBegnaud is there tonight on‚Ä¶ https://t.co/OYDKx1yetv,0.0,75
09/20/2017,CBS News,0.722,0.0,"After Equifax breach, company had been directing victims to wrong website for weeks, report says‚Ä¶ https://t.co/6JJHyrMz2i",-0.6597,74
09/20/2017,CBS News,1.0,0.0,RT @CBSThisMorning: Thursday on @CBSThisMorning: @GayleKing sits down with @JustinBieber's longtime manager @ScooterBraun. WATCH: https://t‚Ä¶,0.0,73
09/20/2017,CBS News,0.667,0.138,How to help victims of the deadliest earthquake to strike Mexico City in decades: https://t.co/c66WOGMT2f https://t.co/FG70TRIvXK,-0.0258,72
09/20/2017,CBS News,0.588,0.092,"Chester Bennington's wife shares video ‚Äî taken 36 hours before singer's death ‚Äî to show people ""depression doesn't‚Ä¶ https://t.co/WsoG1WF6i5",-0.7506,71
09/20/2017,CBS News,0.864,0.0,"Pres. Trump calls Obamacare ""dysfunctional"" and says Senate is going to be forced to make a deal at some point. https://t.co/u9jkmbHW0H",-0.4588,70
09/20/2017,CBS News,1.0,0.0,"Following meeting with Egyptian president, Pres. Trump and Vice President Pence talk about Obamacare repeal https://t.co/0jn1BMuVah",0.0,69
09/20/2017,CBS News,0.773,0.0,"After an entire wing of Mexican school collapsed in wake of 7.1 earthquake, frantic search for survivors continues‚Ä¶ https://t.co/Edq4JCgbDt",-0.6124,68
09/20/2017,CBS News,0.842,0.0,"Police are looking for the ""Mad Pooper,"" a jogger they say has been repeatedly defecating in one neighborhood‚Ä¶ https://t.co/N1Iy4E2Enr",-0.4939,67
09/20/2017,CBS News,0.833,0.167,"Obama defends health care law: ""When I see people trying to undo that hard-won progress...it is aggravating""‚Ä¶ https://t.co/1Yxy1Xcg2N",0.4939,66
09/20/2017,CBS News,0.862,0.138,RT @CBSThisMorning: Don't miss @VP Pence on @CBSThisMorning Thursday. https://t.co/mhi2dh6Xsk,0.1139,65
09/20/2017,CBS News,0.917,0.0,"Stephen Colbert busted out the wine when Hillary Clinton stopped by to chat about her book, Pres. Trump and her los‚Ä¶ https://t.co/OwyFRnTs24",-0.2263,64
09/20/2017,CBS News,1.0,0.0,"Video shows hospital employees improperly handling newborns, calling infants ""mini Satans"" https://t.co/A61UHCzHLp https://t.co/dt2cREc1lF",0.0,63
09/20/2017,CBS News,0.711,0.0,"There is no video of Kenneka Jenkins entering the freezer where she was found dead, hotel says:‚Ä¶ https://t.co/nlwutgrfgX",-0.7579,62
09/20/2017,CBS News,1.0,0.0,Dad decides to show off rattlesnake catching (and cooking) skills to son ‚Äî a decision he comes to regret‚Ä¶ https://t.co/SZSbzDBHyi,0.0,61
09/20/2017,CBS News,0.699,0.057,"As number of injured diplomats soared, State Dept. kept Cuba attacks secret, document obtained by CBS News shows:‚Ä¶ https://t.co/KxbWMjsIjs",-0.6486,60
09/20/2017,CBS News,1.0,0.0,"NEW: Hurricane Maria has been downgraded to a Category 3 storm, National Hurricane Center says‚Ä¶ https://t.co/txJO0mHnRr",0.0,59
09/20/2017,CBS News,0.825,0.0,"One hurt, one in custody after report of shooting at a high school in central Illinois: https://t.co/B2QOYnqZJL https://t.co/SxvmRPxaoe",-0.5267,58
09/20/2017,CBS News,1.0,0.0,"Pres. Trump tells reporters he has ""decided"" on what he will do about Iran nuclear deal, although he won't say yet‚Ä¶ https://t.co/ESP9vjPy20",0.0,57
09/20/2017,CBS News,0.614,0.217,"U.S. is proud to work with Africa ""to eradicate terrorist safe havens ... and to discredit their depraved ideology,‚Ä¶ https://t.co/lrnGBfBZam",0.0772,56
09/20/2017,CBS News,1.0,0.0,"""Africa has tremendous business potential,"" Pres. Trump says https://t.co/T5uqoA85rO https://t.co/8BPGp0Bjhi",0.0,55
09/20/2017,CBS News,1.0,0.0,WATCH LIVE: Pres. Trump speaks after meeting with African leaders at #UNGA  https://t.co/T5uqoA85rO https://t.co/DB8b6ihc00,0.0,54
09/20/2017,CBS News,0.779,0.0,Jose weakens to a tropical storm as it stirs up dangerous surf and rip currents along Long Island and N.J. shores‚Ä¶ https://t.co/xVqGya0KCm,-0.6597,53
09/20/2017,CBS News,1.0,0.0,.@60minutes' 50th anniversary season premiere airs this Sunday. Watch at 7:30 EST on CBS. #50yearsof60‚Ä¶ https://t.co/hsTQnCDynz,0.0,52
09/20/2017,CBS News,0.833,0.0,"Iranian President Hassan Rouhani blasts President Trump, says the U.S. is losing credibility:‚Ä¶ https://t.co/iVptTMlKpO",-0.3818,51
09/20/2017,CBS News,1.0,0.0,"RT @60Minutes: Tick, tick, tick...Please note that Sunday's 50th anniversary season premiere airs at 7:30 EST on CBS. #50yearsof60 https://‚Ä¶",0.0,50
09/20/2017,CBS News,0.608,0.108,"""Billy Cassidy just lied right to my face,"" Jimmy Kimmel accuses Sen. Bill Cassidy of lying about health care on ai‚Ä¶ https://t.co/qwDGavMwjW",-0.6369,49
09/20/2017,CBS News,0.703,0.195,"First lady Melania Trump asks social media, educational &amp; community leaders to join in the fight ""for the hopes and‚Ä¶ https://t.co/pA423staHj",0.34,48
09/20/2017,CBS News,1.0,0.0,"""It is our nation's moral imperative to take responsibility for what our children learn,"" Melania Trump says‚Ä¶ https://t.co/cOx7HLkrsQ",0.0,47
09/20/2017,CBS News,0.852,0.148,"""We must remember that they are watching and listening"" in order to teach children ""life's many ethical lessons,"" M‚Ä¶ https://t.co/SsB4sQstzF",0.5106,46
09/20/2017,CBS News,0.717,0.0,"WATCH LIVE: First lady Melania Trump to advocate for children, denounce bullying during remarks at U.N. luncheon‚Ä¶ https://t.co/fhFpDPg3bE",-0.743,45
09/20/2017,CBS News,0.785,0.0,Puerto Rico Gov. Ricardo Rossello has asked President Trump to declare the island a disaster zone:‚Ä¶ https://t.co/lncKS2PQs2,-0.6249,44
09/20/2017,CBS News,0.861,0.139,"First lady Melania Trump is calling on world leaders to ""step up"" to improve the lives of children:‚Ä¶ https://t.co/GPQ9osdPew",0.4404,43
09/20/2017,CBS News,1.0,0.0,"Pelosi, citing House rule on private plane travel, says, ""It's just not right,"" when asked about report on Secy. To‚Ä¶ https://t.co/bvswapSfJ5",0.0,42
09/20/2017,CBS News,0.69,0.0,"""Again and again, the American people have rejected the immense cost and cruelty of 'Trumpcare,'"" Pelosi says‚Ä¶ https://t.co/eFiXzoeF88",-0.802,41
09/20/2017,CBS News,1.0,0.0,WATCH LIVE: House Minority Leader Nancy Pelosi holds news conference amid push to repeal Obamacare‚Ä¶ https://t.co/SVdcFiULRQ,0.0,40
09/20/2017,CBS News,0.816,0.0,"""Mini Satans"": Hospital employees removed after shocking Facebook post goes viral https://t.co/whQwU2wleM https://t.co/gTyUKkDC5J",-0.4019,39
09/20/2017,CBS News,1.0,0.0,A Florida home spared by Hurricane Irma has been partially swallowed up by a massive sinkhole:‚Ä¶ https://t.co/XvHlVJoH54,0.0,38
09/20/2017,CBS News,0.602,0.069,"""By violating its international commitments, the new U.S. administration only destroys its own credibility,"" Iran's‚Ä¶ https://t.co/lWBgj3Upnc",-0.765,37
09/20/2017,CBS News,0.643,0.26,"""We were not deceived, nor did we cheat or deceive anyone. We have ourselves determined the extent of our nuclear p‚Ä¶ https://t.co/5EacT1CysZ",0.5553,36
09/20/2017,CBS News,1.0,0.0,"The Iran nuclear deal ""belongs to the international community in its entirety,"" Rouhani says https://t.co/T5uqoA85rO https://t.co/XFE8XA2TSz",0.0,35
09/20/2017,CBS News,0.79,0.21,"""We never threaten anyone. But we do not tolerate threats from anyone,"" Iran's Rouhani tells UNGA, says ""moderation‚Ä¶ https://t.co/FzB9e2WUIY",0.5448,34
09/20/2017,CBS News,0.857,0.0,"WATCH LIVE: Iranian President Rouhani speaks at #UNGA, day after Pres. Trump threatened to scrap Iran nuclear deal‚Ä¶ https://t.co/ftHHNnpEzU",-0.4588,33
09/20/2017,CBS News,0.857,0.0,"The US military abandoned its mid-Atlantic Azores base citing cost. China may now take it over for ""science""‚Ä¶ https://t.co/n1ZAxubF07",-0.4588,32
09/20/2017,CBS News,0.87,0.13,Deputy AG Rod Rosenstein has been interviewed as part of special counsel's probe about into  James Comey's firing:‚Ä¶ https://t.co/NNVIpkObUJ,0.4019,31
09/20/2017,CBS News,0.776,0.114,"""I felt like I was not living up to my potential,"" Ivanka Trump reveals she struggled with postpartum depression‚Ä¶ https://t.co/2hdzpS9vQl",0.0258,30
09/20/2017,CBS News,0.579,0.421,"""I think that we have a pretty good shot, maybe the best shot ever"" at Middle East peace, Pres. Trump says while me‚Ä¶ https://t.co/od3lP6QLLX",0.93,29
09/20/2017,CBS News,0.659,0.124,Late-night host Jimmy Kimmel accused Sen. Bill Cassidy of lying to him about his intentions for health care reform:‚Ä¶ https://t.co/T9MMPLy1C6,-0.34,28
09/20/2017,CBS News,1.0,0.0,"President Trump, while meeting with Jordan's King Abdullah, says ""it's just one after another"" this hurricane seaso‚Ä¶ https://t.co/T27kqhYQhx",0.0,27
09/20/2017,CBS News,0.749,0.181,U.N. Ambassador Nikki Haley says President Trump doesn't want war with North Korea: https://t.co/ZpNfftSAev https://t.co/a7C5R794u4,0.4449,26
09/20/2017,CBS News,1.0,0.0,"As Hurricane Maria squarely batters Puerto Rico, the last Category 4 storm to make landfall on island was in 1932‚Ä¶ https://t.co/i9iitssy2P",0.0,25
09/20/2017,CBS News,1.0,0.0,"""Jordan will always stand beside you and your country, and we will overcome,"" Jordan's King Abdullah says‚Ä¶ https://t.co/Ffjgv0rDcd",0.0,24
09/20/2017,CBS News,0.868,0.132,"""I think never has the relationship been better than it is right now,"" Pres. Trump says of U.S.-Jordan relationship‚Ä¶ https://t.co/s4lSeGGkYU",0.4404,23
09/20/2017,CBS News,1.0,0.0,WATCH LIVE: Pres. Trump meets with King Abdullah of Jordan https://t.co/T5uqoA85rO https://t.co/ruYF1XRwhK,0.0,22
09/20/2017,CBS News,0.823,0.0,"President Trump took a break from his week of global diplomacy to knock Sunday's Emmys ratings as the ""worst ever""‚Ä¶ https://t.co/CYiuoBkpTo",-0.6249,21
09/20/2017,CBS News,0.905,0.095,The Fed meets Wednesday and is expected to announce a starting date to allow bond holdings to shrink gradually:‚Ä¶ https://t.co/vZ1aLA01mg,0.2263,20
09/20/2017,CBS News,1.0,0.0,"‚ÄúIt‚Äôs kind of about life and how you got to deal with what‚Äôs coming, you got to keep shooting,‚Äù Moynihan says on ne‚Ä¶ https://t.co/pqlKXjG05K",0.0,19
09/20/2017,CBS News,1.0,0.0,"@CBSNews¬†‚ÄúIt was just a different season. It was very politics heavy, very Trump heavy,‚Äù Moynihan says on the previ‚Ä¶ https://t.co/QJOHv57skR",0.0,18
09/20/2017,CBS News,0.78,0.107,Cruise ship passengers who unexpectedly spent more than two weeks helping Irma victims are finally going home:‚Ä¶ https://t.co/gnisSzsjiV,-0.0258,17
09/20/2017,CBS News,0.82,0.18,"Bobby Moynihan, known for his impressions on SNL, is now starring in the CBS comedy ‚ÄúMe, Myself and I.‚Äù He joins‚Ä¶ https://t.co/6o0U94syvI",0.5267,16
09/20/2017,CBS News,1.0,0.0,".@jpmorgan's Jamie Dimon and @IBM's Ginni Rometty spoke with @NorahODonnell about tax reform, the US economy &amp; DACA‚Ä¶ https://t.co/JQ21ywtGzC",0.0,15
09/20/2017,CBS News,0.85,0.15,"‚ÄúShe‚Äôs focusing on, from what I understand women issues...Making sure women entrepreneurs...can be empowered,‚Äù‚Ä¶ https://t.co/klVvBlFjwf",0.3182,14
09/20/2017,CBS News,1.0,0.0,"Christine Lagarde, the first woman to be managing director of the International Monetary Fund, joins @CBSThisMorning https://t.co/79UdYudesW",0.0,13
09/20/2017,CBS News,1.0,0.0,Here‚Äôs a look at some of this morning‚Äôs headlines from around the globe: https://t.co/Ev6JsVUKsz,0.0,12
09/20/2017,CBS News,0.865,0.0,President Trump and Hillary Clinton are criticizing each other over North Korea and Trump's #UNGA speech:‚Ä¶ https://t.co/ZSLGBIGkfV,-0.3612,11
09/20/2017,CBS News,1.0,0.0,IMF's @Lagarde and former @nbcsnl cast member @bibbymoynihan are in the Toyota Green Room at @CBSThisMorning. They'‚Ä¶ https://t.co/450ZNrZ8dZ,0.0,10
09/20/2017,CBS News,0.83,0.0,@CBSNews¬†@MayorLandrieu says some Confederate statues ‚Äúwere put up way after the civil war. They were kind of a his‚Ä¶ https://t.co/WDW7QPRf73,-0.5994,9
09/20/2017,CBS News,0.889,0.111,RT @CBSThisMorning: International Monetary Fund Managing Dir. Christine @Lagarde is in our Toyota Green Room. She'll join us live next! htt‚Ä¶,0.3595,8
09/20/2017,CBS News,1.0,0.0,New Orleans Mayor Mitch Landrieu‚Äôs speech about removing Confederate statues made national headlines. He joins‚Ä¶ https://t.co/1hDWWhzBzG,0.0,7
09/20/2017,CBS News,0.849,0.151,"Christine Lagarde is regarded as one of the world‚Äôs most influential women. Ahead, she joins @CBSThisMorning to dis‚Ä¶ https://t.co/W4uViYiZ8S",0.4927,6
09/20/2017,CBS News,0.909,0.091,"Two of the country's top executives, Jamie Dimon of JPMorgan Chase and Ginni Rometty of IBM, spoke with‚Ä¶ https://t.co/0DyfZTUBHC",0.2023,5
09/20/2017,CBS News,0.685,0.0,"Ivanka Trump reveals that she suffered from ""some level"" of postpartum depression after delivering her children:‚Ä¶ https://t.co/RalnGS1Wq1",-0.7845,4
09/20/2017,CBS News,0.744,0.0,".@BojorquezCBS is near a collapsed building in Mexico, where up to 40 people are trapped after a deadly earthquake‚Ä¶ https://t.co/ROZjPqilA6",-0.6705,3
09/20/2017,CBS News,1.0,0.0,"Hurricane Maria is smashing into Puerto Rico this morning, which is expecting 12-18 inches of rain‚Ä¶ https://t.co/hdXpDKP2bf",0.0,2
09/20/2017,CBS News,0.82,0.18,@CBSNews Royal Caribbean gave passengers the option of tagging along on its rescue mission: https://t.co/VhjRiY1SSn https://t.co/1B5F7jxCCn,0.5106,1
09/21/2017,CNN,0.863,0.137,"Democrat Sen. Mark Warner on Russia probe: ""I wish Facebook would be more transparent and more forthcoming"" https://t.co/CXKdv7MhhR",0.4019,100
09/21/2017,CNN,0.762,0.11,This map shows why passing Graham-Cassidy could be a huge political problem for the GOP | Analysis by @CillizzaCNN‚Ä¶ https://t.co/O4wPdp3U7y,-0.1027,99
09/21/2017,CNN,1.0,0.0,RT @leylasantiago: And the cleanup begins.. #HurricaneMaria #SanJuan #PuertoRico #cnn https://t.co/8JKzELlcTI,0.0,98
09/21/2017,CNN,0.891,0.109,"Puerto Rico governor: It will take ""months as opposed to weeks or days"" to restore power to island https://t.co/3lmSF2GPRe",0.296,97
09/21/2017,CNN,0.659,0.128,RT @AC360: Search and rescue team makes contact with girl trapped in collapsed school in Mexico City following earthquake https://t.co/9JC9‚Ä¶,-0.296,96
09/21/2017,CNN,1.0,0.0,"Hurricane Irma ravaged the Caribbean, and now, #HurricaneMaria is following a similar path. Here's how they compare‚Ä¶ https://t.co/x33a7yijT9",0.0,95
09/21/2017,CNN,0.672,0.241,"GOP Gov. John Kasich pans latest health care ""repeal and replace"" effort, says it's no better than earlier attempts https://t.co/ftWZpFdHfU",0.5994,94
09/21/2017,CNN,1.0,0.0,"RT @AC360: Report from the ground: #HurricaneMaria slammed Puerto Rico today, leaving the entire island without power https://t.co/C1eEjSQS‚Ä¶",0.0,93
09/21/2017,CNN,1.0,0.0,"Footage shows cars flooded due to #HurricaneMaria while a siren rings in the background in Caguas, Puerto Rico‚Ä¶ https://t.co/kXukztnXyl",0.0,92
09/21/2017,CNN,0.915,0.085,"RT @AC360: .@washingtonpost reporter @CarolLeonnig calls latest Manafort revelation a ""startling development"" in Russia probe https://t.co/‚Ä¶",0.0772,91
09/21/2017,CNN,1.0,0.0,"Paul Manafort offered to brief a Russian billionaire on the 2016 election, according to a new report‚Ä¶ https://t.co/JrQgbDkVPv",0.0,90
09/21/2017,CNN,0.645,0.133,"Rescue teams have made contact with a girl trapped in the rubble of a collapsed Mexico City school, report says https://t.co/CrcFGkPvTo",-0.296,89
09/21/2017,CNN,0.739,0.123,"A CNN crew that flew over the scarred landscape of Dominica witnessed devastation to communities, natural resources‚Ä¶ https://t.co/SFqsvzir0C",-0.0772,88
09/21/2017,CNN,0.677,0.175,"Humanitarian worker in Mexico City says the feeling on the ground is ""between chaos and hope"" a day after earthquake https://t.co/n84qdoTQa1",-0.0772,87
09/21/2017,CNN,0.71,0.153,The powerful force of #HurricaneMaria's wind had CNN's @leylasantiago fighting to keep her footing https://t.co/mrS5XEU50X,0.0772,86
09/21/2017,CNN,1.0,0.0,Here's a look at advocacy and industry groups that have voiced concerns about the latest Obamacare repeal effort‚Ä¶ https://t.co/u6qz5D5L2Q,0.0,85
09/21/2017,CNN,0.865,0.135,"#HurricaneMaria's winds are ""like a wild animal trying to get into your house,"" a St. Croix resident says https://t.co/NArLDaFhTP",0.3612,84
09/21/2017,CNN,0.617,0.243,"Rescue crews in Mexico City believe an 8-year-old girl is trapped and still alive, CNN‚Äôs @miguelmarquez reports https://t.co/cShnd69WQ1",0.3612,83
09/21/2017,CNN,0.52,0.26,Rescue crews race to save a girl trapped in the rubble of a collapsed Mexico City school https://t.co/QVAKFh2bs9 https://t.co/nRokf8moaw,0.25,82
09/20/2017,CNN,0.859,0.141,A supercomputer built for Earth is running just fine in space https://t.co/XqfACTGrAk https://t.co/FXuyeE4JJD,0.2023,81
09/20/2017,CNN,0.65,0.35,"""Flaming feminist litigator"" Justice Ruth Bader Ginsburg sets up the upcoming Supreme Court term‚Ä¶ https://t.co/W9yG6KorH3",0.7906,80
09/20/2017,CNN,0.842,0.158,"President Trump to African leaders: ""I have so many friends going to your countries trying to get rich""‚Ä¶ https://t.co/maBfeGT5Uc",0.5233,79
09/20/2017,CNN,0.821,0.0,Nest branches out with a home alarm system and a face-detecting doorbell https://t.co/Ld6TfaZ4FE https://t.co/TDyu9oqPSI,-0.34,78
09/20/2017,CNN,0.573,0.332,"Trump strikes optimistic tone on GOP health care effort, says he thinks Graham-Cassidy bill ""has a very good chance‚Ä¶ https://t.co/aMzwXZPzkV",0.7346,77
09/20/2017,CNN,0.585,0.293,Facebook donates $1 million to help victims of a powerful earthquake in Mexico https://t.co/iZbLWJACrM https://t.co/uUzriqfUxC,0.4939,76
09/20/2017,CNN,1.0,0.0,How to not run for president (while probably running for president) https://t.co/R7eUwsYZtE https://t.co/QUN9P088kH,0.0,75
09/20/2017,CNN,0.862,0.138,"As Congress debates a new bill, @drsanjaygupta asks: Why is health care in the US so expensive in the first place?‚Ä¶ https://t.co/r5UC9ZNuTC",0.4939,74
09/20/2017,CNN,0.827,0.0,"RT @CNNSitRoom: Puerto Rico governor on Hurricane Maria: ""This is the most devastating storm, either in the century, or quite frankly in mo‚Ä¶",-0.6801,73
09/20/2017,CNN,0.859,0.0,Puerto Rico is already in an 11-year economic recession. Now it must start rebuilding after Hurricane Maria.‚Ä¶ https://t.co/aae1FmWtup,-0.4215,72
09/20/2017,CNN,1.0,0.0,"Leon Panetta: If Trump gets out of the Iran deal, he will ‚Äúbear responsibility for Iran getting a nuclear weapon‚Äù https://t.co/kNczsdCnix",0.0,71
09/20/2017,CNN,0.856,0.144,Special counsel Robert Mueller has requested documents and info related to events during Donald Trump's presidency‚Ä¶ https://t.co/tkUegaTUDq,0.4019,70
09/20/2017,CNN,1.0,0.0,"Mutual is a dating app exclusively for Mormons. For some, it's been an answer to their prayers. https://t.co/gDrbj5ldRm",0.0,69
09/20/2017,CNN,1.0,0.0,RT @TheLeadCNN: .@MarkWarner : We need to know if any American helped Russia with social media targeting  https://t.co/Gj1hM5Ctfg #TheLead,0.0,68
09/20/2017,CNN,0.75,0.163,"Monitor your credit report, warns Fed Chairwoman Janet Yellen after Equifax hack https://t.co/iQBuNWE148 https://t.co/iaTQHI5Nuc",0.296,67
09/20/2017,CNN,0.809,0.0,NFL ratings are down again this season. Is it time to panic yet? https://t.co/RTFYMAtwb0 https://t.co/2kKCUhIV2f,-0.5106,66
09/20/2017,CNN,0.711,0.0,"Sheryl Sandberg says she's ""disgusted and disappointed"" about use of Facebook to target ads to anti-Semitic users‚Ä¶ https://t.co/DNCF3sHQaR",-0.7579,65
09/20/2017,CNN,0.722,0.0,"A privately-run detention center is exploiting immigrants by paying them a dollar a day, Washington State's AG says‚Ä¶ https://t.co/UWYpXORfgM",-0.6597,64
09/20/2017,CNN,0.617,0.116,"Sen. Blumenthal calls new GOP health care plan one of ""most cruel and outrageous legislative acts in recent history‚Äù https://t.co/TcOU5FvhIt",-0.6318,63
09/20/2017,CNN,1.0,0.0,.@edlavaCNN speaks quietly as rescuers in Mexico listen for signs of life after a massive earthquake https://t.co/do3Bp1QaLE,0.0,62
09/20/2017,CNN,0.902,0.0,Bill Gates says he's sorry about that cumbersome Control-Alt-Delete key combo https://t.co/oKybjPQ6fq https://t.co/RrTsKZquMf,-0.0772,61
09/20/2017,CNN,0.824,0.0,"These before-and-after photos show Mexico City prior to the quake, and the damage left behind‚Ä¶ https://t.co/ahjqId1hRC",-0.4939,60
09/20/2017,CNN,1.0,0.0,"RT @CNNSitRoom: Hurricane Maria left Puerto Rico ‚Äú100% without power,"" according to spokesperson from Puerto Rico governor's office https:/‚Ä¶",0.0,59
09/20/2017,CNN,0.586,0.224,Rescue crews worked in silence as they raced to save a girl trapped in the rubble of a collapsed Mexico City school‚Ä¶ https://t.co/CIGFuIdoOO,0.25,58
09/20/2017,CNN,1.0,0.0,".@MikeBloomberg slams Trump withdrawing from Paris Climate deal: ""I think the President has been ill-advised"" https://t.co/oYKfFDqIK4",0.0,57
09/20/2017,CNN,1.0,0.0,".@MikeBloomberg: More Mexicans are leaving the US than coming, ""all a wall would do is keep them from leaving"" https://t.co/VXkzIUbIEq",0.0,56
09/20/2017,CNN,1.0,0.0,".@MikeBloomberg  calls Trump's UN speech ""unconventional,"" says the President should handle Iran diplomatically https://t.co/pk0hSYdHvr",0.0,55
09/20/2017,CNN,0.795,0.0,"On podcast, Preet Bharara gives new details on why Donald Trump fired him https://t.co/QC7UHD4Ksb https://t.co/QdyjjDl4kd",-0.5574,54
09/20/2017,CNN,0.899,0.0,Zuckerberg could soon make a rare appearance on the witness stand in response to a lawsuit by Facebook shareholders https://t.co/TyFcND5Nb3,-0.2263,53
09/20/2017,CNN,0.827,0.0,"Tim Cook: I'm ""personally shocked"" there's even a debate on DACA https://t.co/M1YjGtvrDM https://t.co/nnlOVi66cs",-0.3182,52
09/20/2017,CNN,0.667,0.178,Struggling GE is grounding its fleet of corporate jets to save money https://t.co/nqB9yalW7k https://t.co/ByIUdTwpDw,0.1027,51
09/20/2017,CNN,1.0,0.0,HAPPENING NOW: We are live from the school in Mexico City where rescuers are searching for earthquake survivors‚Ä¶ https://t.co/smsRqJrBOR,0.0,50
09/20/2017,CNN,0.707,0.162,How Jimmy Kimmel became the conscience of the health care fight | Analysis by @CillizzaCNN https://t.co/dMsxtQGTRn https://t.co/yvxGKKrjk3,0.1531,49
09/20/2017,CNN,0.905,0.095,France's President Macron says he wants to convince President Trump not to pull out of the Paris climate agreement‚Ä¶ https://t.co/JkVzXzfOqt,0.25,48
09/20/2017,CNN,1.0,0.0,"Hurricane Maria ripped the roofs off these homes in San Juan, Puerto Rico https://t.co/v4izk2iDIR https://t.co/BiqhCGbAjV",0.0,47
09/20/2017,CNN,0.686,0.069,Three US congressmen were among a group of protesters arrested at an immigration demonstration outside Trump Tower‚Ä¶ https://t.co/M9eQw0zVK7,-0.5574,46
09/20/2017,CNN,0.812,0.0,"Steve Bannon ordered Breitbart to step up negative coverage of a Trump-backed Ala. Senate candidate, a source says‚Ä¶ https://t.co/U74sKlEXEf",-0.5719,45
09/20/2017,CNN,0.823,0.0,These aerial images show the devastation caused by Hurricane Maria in Dominica https://t.co/Kpx0lMhaoZ https://t.co/YXHH49fRfx,-0.4215,44
09/20/2017,CNN,0.703,0.129,"In Mexico City, rescue workers ask for complete silence as they search for signs of life after a devastating quake‚Ä¶ https://t.co/uoNN8JBCm2",-0.25,43
09/20/2017,CNN,0.731,0.269,"RT @CNNPolitics: Trump: ""Africa has tremendous business potential. I have so many friends going to your countries trying to get rich"" https‚Ä¶",0.7893,42
09/20/2017,CNN,1.0,0.0,"Hurricane Maria left Puerto Rico ‚Äú100% without power,"" according to spokesperson from Puerto Rico governor's office‚Ä¶ https://t.co/kyN6kCkYcC",0.0,41
09/20/2017,CNN,1.0,0.0,President Trump is speaking at a UN lunch with African leaders. Watch live: https://t.co/UYpqI3esEb https://t.co/uAqmxWiWvR,0.0,40
09/20/2017,CNN,0.769,0.231,"Former Pres. Obama on health care: ‚ÄúWhen I see people trying to undo that hard-won progress, for the 50th or 60th t‚Ä¶ https://t.co/PKNVIoQ9EC",0.7184,39
09/20/2017,CNN,1.0,0.0,"RT @CNNPolitics: Obama: ""In my post-presidency my emphasis is going to be on training the next generation of leaders"" https://t.co/veHgzjwV‚Ä¶",0.0,38
09/20/2017,CNN,0.8,0.105,"RT @CNNPolitics: Obama on curbing climate change: The current administration ""is not as engaged in these efforts as I would like"" https://t‚Ä¶",0.0624,37
09/20/2017,CNN,0.82,0.18,"First responders sing ‚ÄúCielito Lindo,‚Äù a traditional Mexican song, during a rescue mission in Mexico after a powerf‚Ä¶ https://t.co/0jkTGxdNNO",0.5106,36
09/20/2017,CNN,1.0,0.0,Former President Obama is speaking at an event hosted by the Gates Foundation in NYC. Watch: https://t.co/UYpqI3esEb https://t.co/GEwTbhUP9Z,0.0,35
09/20/2017,CNN,0.901,0.099,"RT @CNNPolitics: Melania Trump speaks at a UN luncheon: ""The future of every nation rests with the promise of their young people"" https://t‚Ä¶",0.3182,34
09/20/2017,CNN,0.843,0.157,First lady Melania Trump is speaking at a United Nations luncheon. Watch live on CNN: https://t.co/UYpqI3esEb https://t.co/60RnC3dazQ,0.4215,33
09/20/2017,CNN,1.0,0.0,President Trump says he's made a decision on the Iran nuclear deal but declines to say more https://t.co/ct0lYYbB60 https://t.co/CEJz9KsB8r,0.0,32
09/20/2017,CNN,0.859,0.141,"First lady Melania Trump set to host a luncheon at the United Nations, where she will deliver a speech‚Ä¶ https://t.co/e0NVVUlQ2m",0.4215,31
09/20/2017,CNN,0.615,0.179,"President Trump calls Sen. Rand Paul a ""negative force"" on health care https://t.co/5MTG5BXii4 https://t.co/WqjzK3Fb1Q",-0.128,30
09/20/2017,CNN,0.852,0.148,"Is the US mainland in the clear from Maria? ‚ÄúNo, absolutely not,"" @chadmyerscnn says https://t.co/nm2Mb5uhQc https://t.co/1hQdSaHCmn",0.3818,29
09/20/2017,CNN,0.859,0.141,Crews are scraping through rubble at a school in Mexico looking for signs of life following a powerful earthquake‚Ä¶ https://t.co/9JHWY42Oe7,0.4215,28
09/20/2017,CNN,0.882,0.118,"This couple survived Hurricane Irma, but their nightmare isn't over yet. They now face Maria's wrath.‚Ä¶ https://t.co/QEV4W4rXez",0.2846,27
09/20/2017,CNN,0.758,0.109,The White House denies Pres. Trump apologized to Turkish Pres. Erdogan over bodyguard brawl incident in May‚Ä¶ https://t.co/DuE1aK5zkb,-0.128,26
09/20/2017,CNN,0.686,0.0,"Aerial footage shows the catastrophic damage that Hurricane Maria brought to Dominica 

Follow live updates:‚Ä¶ https://t.co/yxQkGwQb0v",-0.7506,25
09/20/2017,CNN,0.892,0.108,Rescues are underway in Mexico City after the 7.1-magnitude earthquake near the city that left more than 200 dead‚Ä¶ https://t.co/PYzNaVQX5T,0.3182,24
09/20/2017,CNN,1.0,0.0,"Hurricane Maria ripped the roofs off these homes in San Juan, Puerto Rico https://t.co/VGpWK7tl7e https://t.co/jnt6nRhRXR",0.0,23
09/20/2017,CNN,0.917,0.083,"‚ÄúIt‚Äôs just unbelievable outside right now. It‚Äôs just very, very scary,‚Äù says man riding out Maria in San Juan, PR‚Ä¶ https://t.co/SqyaIbyZDp",0.2023,22
09/20/2017,CNN,0.85,0.0,"President Trump on Hurricane Maria: ‚ÄúI‚Äôve never seen winds like this."" https://t.co/11zmtDmy5S https://t.co/c12xT3UUI6",-0.2755,21
09/20/2017,CNN,0.89,0.0,Drone footage shows a collapsed building in Mexico City after a 7.1-M earthquake left more than 200 people dead‚Ä¶ https://t.co/Gc6bshasZr,-0.2732,20
09/20/2017,CNN,1.0,0.0,"Watch the moment extreme wind from Hurricane Maria blows a fence over in San Juan, Puerto Rico‚Ä¶ https://t.co/sUR5dqFNeh",0.0,19
09/20/2017,CNN,0.833,0.167,The four numbers that show the size and strength of Hurricane Maria. Follow for live updates:‚Ä¶ https://t.co/0KCqtvoAXW,0.4939,18
09/20/2017,CNN,0.609,0.0,A ninth victim has died after a Florida nursing home failed to evacuate its residents after Hurricane Irma‚Ä¶ https://t.co/6cbo4lP9ji,-0.8402,17
09/20/2017,CNN,0.707,0.162,How Jimmy Kimmel became the conscience of the health care fight | Analysis by @CillizzaCNN https://t.co/ZVVFcbhZn6 https://t.co/dhp4VDFD2P,0.1531,16
09/20/2017,CNN,1.0,0.0,"The first look at San Juan, Puerto Rico, after Hurricane Maria moved through the city.

Follow live updates:‚Ä¶ https://t.co/xEgEcCfROC",0.0,15
09/20/2017,CNN,0.905,0.095,France's President Macron says he wants to convince President Trump not to pull out of the Paris climate agreement‚Ä¶ https://t.co/KH6IzPINLZ,0.25,14
09/20/2017,CNN,0.899,0.0,"The Australian refugee deal that Donald Trump once derided as ""stupid"" and ""horrible"" is going ahead https://t.co/X8EHsstkIo",-0.2023,13
09/20/2017,CNN,0.735,0.0,Germany's car industry has a tough new critic: Chancellor Angela Merkel https://t.co/LxAsJokM2d https://t.co/gcotR0wjY4,-0.3818,12
09/20/2017,CNN,0.828,0.172,Sen. John McCain bucked his party once. Will he do it again? https://t.co/IvFgRBbHzf https://t.co/8G7egGyr5Z,0.4019,11
09/20/2017,CNN,1.0,0.0,"Storm chaser in the middle of Hurricane Maria: ""It was a heck of a ride"" https://t.co/4NYYivBBgZ https://t.co/cX3eGCw1Uc",0.0,10
09/20/2017,CNN,1.0,0.0,"How the iconic ""Whose streets? Our streets!"" chant has been co-opted https://t.co/b3LSVx2l7x https://t.co/ZS3Zq8tusG",0.0,9
09/20/2017,CNN,0.873,0.127,"At 155 mph, Maria is the strongest hurricane to make landfall in Puerto Rico since a 1928 Category 5 storm (160 mph‚Ä¶ https://t.co/qAXE1Q7mJF",0.4404,8
09/20/2017,CNN,1.0,0.0,Storm chaser on Maria‚Äôs extreme wind: ‚ÄúThe only other hurricane that I can compare it to‚Ä¶ is Hurricane Charley in S‚Ä¶ https://t.co/pQeRKkAVAO,0.0,7
09/20/2017,CNN,0.859,0.141,See the moment children were discovered and rescued from a school after a 7.1M earthquake hit near Mexico City‚Ä¶ https://t.co/cfrsLMXKIS,0.4215,6
09/20/2017,CNN,0.929,0.071,"Biden calls out review of Obama-era Title IX guidance, cites ""new challenges"" in combating campus sexual assault‚Ä¶ https://t.co/LFKecGFgfl",0.0772,5
09/20/2017,CNN,0.793,0.079,"Looking for news updates on a weak phone connection? Get the text-only version of CNN's top stories, also en Espa√±o‚Ä¶ https://t.co/YMktjLEDo0",-0.2732,4
09/20/2017,CNN,0.832,0.081,"It's easy to see the physical damage from a major storm, but there can be a psychological toll to look out for, too‚Ä¶ https://t.co/vfmx9hTMBp",-0.0387,3
09/20/2017,CNN,0.809,0.136,Sen. Bill Cassidy responds to Jimmy Kimmel: ‚ÄúI‚Äôm sorry he does not understand.‚Äù Under new health care bill ‚Äúmore pe‚Ä¶ https://t.co/n0ZPSp7ceH,0.4404,2
09/20/2017,CNN,0.802,0.0,"Bannon ordered Breitbart to step up negative coverage of a Trump-backed Alabama Senate candidate, a source says‚Ä¶ https://t.co/CPIX2ix4yA",-0.5719,1
09/21/2017,Fox News,0.849,0.151,".@jessebwatters: ""The DREAMers need to wake up and understand that @POTUS and @NancyPelosi are trying to save them.‚Ä¶ https://t.co/GW3Jq8AY1C",0.4939,100
09/21/2017,Fox News,0.769,0.0,THURSDAY: #Tucker Takes On Hollywood Director Rob Reiner on 'War' With Russia https://t.co/N89v8zoBET,-0.5574,99
09/21/2017,Fox News,0.447,0.0,Teen among 3 more arrested in London subway terror attack probe https://t.co/Agwr4vYwDv,-0.8718,98
09/21/2017,Fox News,1.0,0.0,"Kristen Clarke: ""We don't need to erect hurdles and barriers that make it harder for ordinary Americans to vote.""‚Ä¶ https://t.co/hFqbB8SJPW",0.0,97
09/21/2017,Fox News,0.856,0.144,WSJ's James Freeman: Americans deserve to know how and why gov't spied on #Trump staff. #Tucker https://t.co/EAiitRvemp,0.4019,96
09/21/2017,Fox News,1.0,0.0,Youth Football Players Kneel During National Anthem https://t.co/YLXZPymACs,0.0,95
09/21/2017,Fox News,0.684,0.132,.@TuckerCarlson: Dems Show 'What It Looks Like to Destroy a Country ... for Political Power'‚Ä¶ https://t.co/DeBjYP3jFF,-0.25,94
09/21/2017,Fox News,0.69,0.186,#Trump tweets support for 'Big' Luther Strange in #Alabama Senate runoff https://t.co/NgGRJpHRUA,0.2263,93
09/21/2017,Fox News,1.0,0.0,.@benshapiro: Keith Ellison 'The Last Person Who Should Be Making Holocaust References' https://t.co/6x3TU8fSaO,0.0,92
09/21/2017,Fox News,1.0,0.0,"Michael Starr Hopkins: ""This is a country of immigrants. We are all here because someone came from somewhere else.""‚Ä¶ https://t.co/LtUNEDv5Kl",0.0,91
09/21/2017,Fox News,0.498,0.169,Petitions calling for firing prof for provocative 'dead cop' tweet gain steam https://t.co/79g5rwcVE3,-0.5106,90
09/20/2017,Fox News,0.789,0.0,82-year-old sues @redlobster over getting drunk and breaking hip https://t.co/Iyqq01atCy,-0.34,89
09/20/2017,Fox News,0.691,0.133,"Has asset forfeiture gone too far? Truck seizure case sparks outrage, a call for change https://t.co/bxYFAPlnr1",-0.2023,88
09/20/2017,Fox News,0.829,0.0,".@KarlRove on @HillaryClinton: ""Her book depicts that the American people are a bunch of racists and misogynists an‚Ä¶ https://t.co/eJVTF1fx0T",-0.5423,87
09/20/2017,Fox News,0.657,0.117,".@KarlRove on @HillaryClinton: ""No losing presidential candidate has ever written a book like this, nor should they‚Ä¶ https://t.co/RQzcoSJyle",-0.3182,86
09/20/2017,Fox News,0.856,0.0,".@KarlRove on @HillaryClinton: ""When she was Sec. of State... she turned a blind eye to [Russia's] expansionism.""‚Ä¶ https://t.co/VWsPaR1M8j",-0.4019,85
09/20/2017,Fox News,0.842,0.158,".@adrienneelrod: ""I'm glad [@HillaryClinton] is going here in her book... when Sec. Clinton speaks, people listen.""‚Ä¶ https://t.co/uc1whvuwyQ",0.4588,84
09/20/2017,Fox News,1.0,0.0,"Gen. Jack Keane on North Korea: ""I think Iran's behavior is actually worse."" #TheStory https://t.co/K10RChQEfE https://t.co/Fp0F03XX05",0.0,83
09/20/2017,Fox News,0.845,0.155,"Gen. Jack Keane: ""There's not a socialistic movement that's survived the test of time... you eventually run out of‚Ä¶ https://t.co/LYJWrm2Zcv",0.5106,82
09/20/2017,Fox News,1.0,0.0,"RT @MikeEmanuelFox: GOPers try to come up with enough votes for Graham-Cassidy - from #SpecialReport with @BretBaier tonight:

https://t.co‚Ä¶",0.0,81
09/20/2017,Fox News,0.871,0.0,"Charles Hurt: ""I don't think there's any speech that @POTUS could have given to the UN that the people at the UN wo‚Ä¶ https://t.co/C5XwdUFZzn",-0.5267,80
09/20/2017,Fox News,1.0,0.0,'Racist' tapestry completed by Prince Charles denounced by Native Americans https://t.co/F9ZgB9Rau6,0.0,79
09/20/2017,Fox News,0.791,0.0,"Teen returns wallet w/ $1500 cash. Woman in home said, ""It's sad that I didn't trust him to open my door when he wa‚Ä¶ https://t.co/ype0DiCy2X",-0.7005,78
09/20/2017,Fox News,0.863,0.0,Fox News Poll: Murphy leads Guadagno by double digits with many undecided https://t.co/Rhr0rOYvgh,-0.2263,77
09/20/2017,Fox News,1.0,0.0,"Manafort offered 'private briefings' to Russian billionaire during campaign, report says https://t.co/zXr85wsdBs",0.0,76
09/20/2017,Fox News,0.811,0.189,"At a United Nations event, @FLOTUS called for teaching our children patriotism. https://t.co/yQgZTfVGwH https://t.co/uOxZXmnrzY",0.4215,75
09/20/2017,Fox News,0.778,0.222,Army vet runs with American flag ‚Äì and a tutu ‚Äì to inspire others https://t.co/As67sA56jy | #ProudAmerican https://t.co/V9boHvTmrd,0.5719,74
09/20/2017,Fox News,0.318,0.242,Former Powerball winner arrested for sexual assault https://t.co/AsIXlRdk8k,-0.4767,73
09/20/2017,Fox News,1.0,0.0,"Samantha Power sought to unmask Americans on almost daily basis, sources say https://t.co/FXOSFTFnFX",0.0,72
09/20/2017,Fox News,0.661,0.0,First Lady Melania Trump bullied over pink dress https://t.co/ZhTkLkooQb,-0.6249,71
09/20/2017,Fox News,0.604,0.174,.@MaxineWaters Turns Comedian Dick Gregory's Eulogy into Anti-@POTUS Speech https://t.co/3rxoS3Rl6l https://t.co/oU9kwlIJ6i,-0.1779,70
09/20/2017,Fox News,0.769,0.0,"Hurricane Maria destroys hundreds of homes, knocks out power across Puerto Rico https://t.co/jeJiAVWAte",-0.5574,69
09/20/2017,Fox News,0.743,0.257,".@kimguilfoyle on Cassidy-Graham: ""This could be a big win for @POTUS."" #SpecialReport https://t.co/ey4RaFYOzf",0.5859,68
09/20/2017,Fox News,0.865,0.135,".@kimguilfoyle: ""The GOP is ready for a showdown if that's what it's going to take"" on healthcare. https://t.co/xFWyvRUnuj",0.3612,67
09/20/2017,Fox News,0.605,0.395,".@SenJohnThune: ""It does gives states give more flexibility to come up... with solutions that better fit their popu‚Ä¶ https://t.co/CbUI8ewbRM",0.8313,66
09/20/2017,Fox News,1.0,0.0,".@SenJohnThune: ""@BillCassidy has designed a plan that gives states maximum flexibility."" https://t.co/oirVTPkw0t",0.0,65
09/20/2017,Fox News,0.819,0.181,".@SenJohnThune: ""If we're going to do something to repeal &amp; replace ObamaCare... I think this is the best path forw‚Ä¶ https://t.co/1CsZcnJB2b",0.6369,64
09/20/2017,Fox News,0.714,0.0,.@OhioState 'privilege' workshop says only white people can be racist https://t.co/eQ8O2PxZRP,-0.6124,63
09/20/2017,Fox News,0.632,0.0,".@POTUS: ""ObamaCare is a disaster. It's a wreck. It's a trainwreck, and it's only getting worse."" https://t.co/G3PiMQaFHW",-0.7906,62
09/20/2017,Fox News,1.0,0.0,"10 African nations trade arms with North Korea, flouting UN sanctions, report finds https://t.co/UxNIGoGXMI",0.0,61
09/20/2017,Fox News,1.0,0.0,Girl hit by foul ball at Yankees game hospitalized https://t.co/MbWhVjc0HH,0.0,60
09/20/2017,Fox News,0.86,0.14,".@VP: ""President Trump made a commitment to the American people that we would repeal and replace ObamaCare."" https://t.co/TKhC8Ddr4U",0.3818,59
09/20/2017,Fox News,0.448,0.0,".@POTUS: ""ObamaCare is a disaster. It's failing badly."" https://t.co/oHqVNfI91U",-0.8126,58
09/20/2017,Fox News,0.632,0.0,".@POTUS: ""ObamaCare is a disaster. It's a wreck. It's a trainwreck, and it's only getting worse."" https://t.co/1oq96Qlwvq",-0.7906,57
09/20/2017,Fox News,0.856,0.144,".@POTUS: ""I thought that when I won I would go to the Oval Office, sit down at my desk, and there would be a health‚Ä¶ https://t.co/MQLeuWxnhr",0.5719,56
09/20/2017,Fox News,0.847,0.153,".@POTUS: ""For 7 years I've been hearing 'repeal and replace ObamaCare'... There's tremendous support for [Graham-Ca‚Ä¶ https://t.co/kuZVwITh7s",0.4019,55
09/20/2017,Fox News,0.723,0.277,".@VP: ""ObamaCare is collapsing... @POTUS and our entire administration are absolutely committed to support Graham-C‚Ä¶ https://t.co/hXhW1PBYrW",0.6549,54
09/20/2017,Fox News,1.0,0.0,".@POTUS: ""I believe that Graham-Cassidy will do it the right way."" https://t.co/IzGhc1RZG2",0.0,53
09/20/2017,Fox News,0.773,0.227,NEWS ALERT: @POTUS holding bilateral meeting with Egyptian President El-Sisi. https://t.co/wwxE74QRfa,0.4466,52
09/20/2017,Fox News,1.0,0.0,"PR Congresswoman Describes Hurricane Maria While Sheltering in Closet
https://t.co/uuTvsHtXOO",0.0,51
09/20/2017,Fox News,0.549,0.0,.@FLOTUS bullied over pink dress https://t.co/ZhTkLkooQb,-0.6249,50
09/20/2017,Fox News,1.0,0.0,DNC Vice Chair @keithellison Compares DREAMers to Jews in Nazi Germany https://t.co/YYQgLKRfGN,0.0,49
09/20/2017,Fox News,0.613,0.387,".@marcthiessen: In Berkeley, @benshapiro spoke but Antifa won 
https://t.co/2eYuvzVebX",0.7227,48
09/20/2017,Fox News,0.929,0.071,RT @FoxBusiness: #BreakingNews: The Dow and S&amp;P 500 close the day at record highs. This is the 7th straight record close for the Dow and 42‚Ä¶,0.2263,47
09/20/2017,Fox News,1.0,0.0,PR Congresswoman Describes Hurricane Maria While Sheltering in Closet https://t.co/uuTvsHtXOO,0.0,46
09/20/2017,Fox News,1.0,0.0,".@realDonaldTrump's nicknames for rivals, from 'Rocket Man' to 'Crooked Hillary' https://t.co/RdTTfEfHA1",0.0,45
09/20/2017,Fox News,0.812,0.0,".@RandPaul: ""As a physician I've seen ObamaCare up close &amp; personal, and I hate every bit of it."" https://t.co/I4OM4qbz96",-0.5719,44
09/20/2017,Fox News,1.0,0.0,Hurricane Maria makes landfall in Puerto Rico as Category 4 storm https://t.co/N8tqraETrP,0.0,43
09/20/2017,Fox News,0.743,0.162,Sheriff Clarke curses out reporter who questioned his need for a security detail https://t.co/F4OONXDNQb,0.25,42
09/20/2017,Fox News,0.654,0.176,.@POTUS approves emergency declaration for Puerto Rico and U.S. Virgin Island. https://t.co/2AsXZ3XRhw,0.0258,41
09/20/2017,Fox News,0.828,0.0,"North Korea‚Äôs Kim keeps teen sex slaves, executes musicians with anti-aircraft guns, defector reveals   https://t.co/4Q9zl6cAmx",-0.4404,40
09/20/2017,Fox News,0.753,0.0,'Ghost boat' washes ashore on Florida beach https://t.co/WLngdSMEQo,-0.3182,39
09/20/2017,Fox News,0.769,0.123,Climate models questioned: Global warming may be slower than previously thought https://t.co/AkRswwr0o2,0.0516,38
09/20/2017,Fox News,0.806,0.194,.@ChelseaClinton reveals she didn't block @realDonaldTrump for @HillaryClinton golfball tweet https://t.co/byO0djU62y,0.3412,37
09/20/2017,Fox News,0.852,0.148,".@FLOTUS Speaks to the UN, Tells World Leaders to 'Step Up' to Protect Children https://t.co/yQgZTfVGwH https://t.co/XybNLkqlHn",0.3818,36
09/20/2017,Fox News,0.657,0.0,"California suing @POTUS over border wall, escalating battle with @WhiteHouse https://t.co/2lFPAO9ajN",-0.5719,35
09/20/2017,Fox News,1.0,0.0,.@newtgingrich: @POTUS's @UN address reasserts patriotism and sovereignty https://t.co/11IwrGS92n https://t.co/RaGuCWIHOr,0.0,34
09/20/2017,Fox News,0.806,0.0,VA uses Trump-signed law to fire DC medical director ‚Äì twice https://t.co/lK8ZHVBhAb,-0.34,33
09/20/2017,Fox News,1.0,0.0,".@newtgingrich: @POTUS's @UN address reasserts patriotism and sovereignty 
https://t.co/PNrCWZVJt1",0.0,32
09/20/2017,Fox News,1.0,0.0,".@LisaMarieBoothe and Marie Harf Debate @POTUS's @UN Message
https://t.co/glxnb05acW",0.0,31
09/20/2017,Fox News,0.667,0.333,Do you agree with @HillaryClinton? https://t.co/lPJ8LQjr3B,0.3612,30
09/20/2017,Fox News,1.0,0.0,Chick-fil-A to open its largest and narrowest restaurant ever in New York City https://t.co/TmRZmzL2zf,0.0,29
09/20/2017,Fox News,1.0,0.0,"Clown runs for Boston City Council
https://t.co/u2PB5vRsH9",0.0,28
09/20/2017,Fox News,1.0,0.0,"""Our prosperity depends above all on peace.""

WATCH: @POTUS's full remarks at luncheon for African leaders. https://t.co/xQ6i0Aobjp",0.0,27
09/20/2017,Fox News,0.566,0.434,Navy reservist surprises daughter with special homecoming https://t.co/uQe9PG567d,0.5574,26
09/20/2017,Fox News,1.0,0.0,"RT @FoxBusiness: .@nedryun: ""Republicans should understand they have to start dismantling Obamacare, or things could actually get worse."" h‚Ä¶",0.0,25
09/20/2017,Fox News,0.745,0.255,"RT @FoxBusiness: .@WarrenBuffett: ""This country is incredible. We're lucky to be here...I won what I call the 'Ovarian Lottery' by being bo‚Ä¶",0.7579,24
09/20/2017,Fox News,1.0,0.0,"RT @FoxBusiness: ""I do not think the place to express yourself in society is as we recognize the American flag."" - Jerry Jones on National‚Ä¶",0.0,23
09/20/2017,Fox News,1.0,0.0,".@POTUS: ""Africa I have to say is a continent of tremendous, tremendous potential - the outlook is bright."" https://t.co/5VayIgkEIM",0.0,22
09/20/2017,Fox News,0.706,0.294,".@POTUS: ""We believe that a free, independent and democratic nation, in all cases, is the best vehicle for human ha‚Ä¶ https://t.co/PFG5K3mfAn",0.8176,21
09/20/2017,Fox News,0.506,0.278,".@POTUS: ""The United States is proud to work with you to eradicate terrorist safe havens, to cut off their finances‚Ä¶ https://t.co/McyESsPjw4",0.25,20
09/20/2017,Fox News,0.625,0.0,".@POTUS: ""Too many people are suffering from conflict in Africa."" https://t.co/Qz7QHlobfY",-0.6597,19
09/20/2017,Fox News,1.0,0.0,".@POTUS: ""Our prosperity depends above all on peace."" https://t.co/waFXaMyWGt",0.0,18
09/20/2017,Fox News,0.813,0.0,".@POTUS: ""We will continue our partnership on critical health initiatives."" https://t.co/gGzd9QXB3l",-0.3182,17
09/20/2017,Fox News,0.876,0.124,".@POTUS: ""6 of the world's 10 fastest growing economies are in Africa."" https://t.co/5NkGk1sAJY",0.1779,16
09/20/2017,Fox News,0.806,0.194,".@POTUS: ""I have so many friends going to your countries trying to get rich."" https://t.co/5p4MBe59kp",0.5233,15
09/20/2017,Fox News,1.0,0.0,Happening Now: @POTUS holds luncheon with African leaders. https://t.co/1qCVXoePsb,0.0,14
09/20/2017,Fox News,0.714,0.0,London police arrest 3 new suspects in connection with London's subway bombing; @BenjaminHallFNC reports. https://t.co/1jXGUmURsC,-0.5859,13
09/20/2017,Fox News,0.839,0.161,.@PressSec on Kim Jong Un's 'Rocket Man' Nickname: 'A President Trump Original' https://t.co/rOqDJ42kmf,0.3182,12
09/20/2017,Fox News,0.811,0.189,"At a United Nations event, @FLOTUS called for teaching our children patriotism. https://t.co/yQgZTfVGwH https://t.co/i5MUBd3ICO",0.4215,11
09/20/2017,Fox News,0.828,0.0,"North Korea‚Äôs Kim keeps teen sex slaves, executes musicians with anti-aircraft guns, defector reveals https://t.co/4Q9zl6cAmx",-0.4404,10
09/20/2017,Fox News,0.843,0.157,".@FLOTUS Speaks at the @UN, Tells World Leaders to 'Step Up' to Protect Children https://t.co/yQgZTfVGwH",0.3818,9
09/20/2017,Fox News,0.648,0.236,".@FLOTUS: ""We must never miss and opportunity to teach life's many ethical lessons"" to children. https://t.co/Bfr3oMN2lF",0.3425,8
09/20/2017,Fox News,0.791,0.209,".@FLOTUS: ""We must come together for the good of our children."" https://t.co/mXiN9wv66T",0.4404,7
09/20/2017,Fox News,0.83,0.17,".@FLOTUS: ""Show me the loving bonds between your families today &amp; I will show you the patriotism and moral clarity‚Ä¶ https://t.co/GjLEzlwXp7",0.5994,6
09/20/2017,Fox News,0.876,0.0,".@LisaMarieBoothe: ""It was @SenSchumer who said in 2014 that passing ObamaCare was a mistake for the Democratic Par‚Ä¶ https://t.co/IsiT2CsWGY",-0.34,5
09/20/2017,Fox News,1.0,0.0,".@SandraSmithFox: ""The Dow's up 20 points today. It is hitting record after record after record."" #Outnumbered https://t.co/09QWNAZzh6",0.0,4
09/20/2017,Fox News,0.734,0.147,.@AP: Crews find a child alive among the rubble of a collapsed school in Mexico City. https://t.co/iPi7WT3gbE,0.128,3
09/20/2017,Fox News,0.673,0.114,".@HARRISFAULKNER: ""When you say that the media are biased - yes, absolutely. My problem is with the JOURNALISTS bei‚Ä¶ https://t.co/6iZBNnFJEE",-0.3353,2
09/20/2017,Fox News,1.0,0.0,"Marie Harf: ""The speech was, I would say, dark. I would also say it was menacing."" #Outnumbered https://t.co/NOXgBp3z16",0.0,1
09/21/2017,The New York Times,0.894,0.0,Health Secretary Tom Price's spokeswoman cites his ‚Äúincredibly demanding schedule‚Äù for his use of private jets https://t.co/BaePZIGczz,-0.2263,100
09/21/2017,The New York Times,1.0,0.0,"Hurricane Maria, which made landfall as a Category 4 storm, took out Puerto Rico's entire power grid https://t.co/YfxgGcEZsb",0.0,99
09/21/2017,The New York Times,1.0,0.0,"RT @NYTSports: The girl's father said it was ""too early to tell"" if she would need surgery. https://t.co/sUHIP7t7bG",0.0,98
09/21/2017,The New York Times,0.88,0.12,Mueller's requests show that many aspects of his inquiry are focused squarely on Trump‚Äôs actions in the White House https://t.co/DiOxbaXtOS,0.3818,97
09/21/2017,The New York Times,1.0,0.0,Evening Briefing: Here's what you need to know at the end of the day https://t.co/77xUArHRW8,0.0,96
09/21/2017,The New York Times,0.687,0.313,"RT @tminsberg: ¬≠On Tuesday, the world‚Äôs top surfers competed on perfect waves in Central California.
Yes, go ahead, re-read that. 
https://‚Ä¶",0.802,95
09/21/2017,The New York Times,0.763,0.0,Someone made a fake Equifax site. Then Equifax linked to it. https://t.co/YLos2h0f3F,-0.4767,94
09/21/2017,The New York Times,0.885,0.115,Paul Manafort is working for allies of the leader of Iraq‚Äôs Kurdish region to promote a referendum opposed by the US https://t.co/U8KwofxlJq,0.3818,93
09/21/2017,The New York Times,0.758,0.242,Insurers come out swinging against new Republican health care bill https://t.co/7uuIlF7XDr,0.4939,92
09/21/2017,The New York Times,0.699,0.101,RT @nytimesworld: Why should North Korea negotiate nuclear limits with Trump if he kills the Iran nuclear deal for no good reason? https://‚Ä¶,-0.4215,91
09/20/2017,The New York Times,1.0,0.0,"Stocks so far in 2017 are the steadiest that they have been since 1965, a radically different era https://t.co/5r1aofbn51",0.0,90
09/20/2017,The New York Times,0.916,0.084,There was a scrum of hustle and loud voices. The energy belied the hour but underscored the urgency. https://t.co/kFbAOP3jTf,0.1406,89
09/20/2017,The New York Times,1.0,0.0,Hurricane Maria‚Äôs path across Puerto Rico https://t.co/yW63XLXD9a,0.0,88
09/20/2017,The New York Times,1.0,0.0,"In the rubble of a Mexico City school, rescuers searched for quake survivors. We spoke to parents as they waited. https://t.co/e5FFlG7SEE",0.0,87
09/20/2017,The New York Times,1.0,0.0,Evening Briefing: Here's what you need to know at the end of the day https://t.co/xr1Uu1ISOK,0.0,86
09/20/2017,The New York Times,1.0,0.0,There's been a lot of horse-race coverage of the Graham-Cassidy bill. Here's what it will actually do. https://t.co/1je6lr3JJJ,0.0,85
09/20/2017,The New York Times,0.819,0.181,Puerto Rico's governor announced a 6 p.m. to 6 a.m. curfew effective Wednesday until Saturday. Latest updates: https://t.co/HQVlipItcM,0.4767,84
09/20/2017,The New York Times,1.0,0.0,"Sea turtles appear to be bouncing back around the world
https://t.co/3gsLx6KUhH",0.0,83
09/20/2017,The New York Times,1.0,0.0,"RT @nytgraphics: Hurricane Maria's impact on Puerto Rico:
https://t.co/XnscG9pWJs https://t.co/sxq1e3hRoG",0.0,82
09/20/2017,The New York Times,0.619,0.381,"RT @joncaramanica: BTS sound super relaxed on their new EP, even Rap Monster!
https://t.co/9bSc4GuUc4",0.8122,81
09/20/2017,The New York Times,0.734,0.0,A local official ordered hunters to kill a rare wild bison that wandered into Germany https://t.co/e6LhVusTQ4,-0.6908,80
09/20/2017,The New York Times,1.0,0.0,Ilkay G√ºndogan‚Äã sat in a pool during rehab. Our reporter spent 10 months tracking his recovery from an ACL tear.‚Ä¶ https://t.co/auaXXCsJay,0.0,79
09/20/2017,The New York Times,0.5,0.5,Sweet heat https://t.co/75MeMJlQRq https://t.co/4rvRloyBxx,0.4588,78
09/20/2017,The New York Times,1.0,0.0,"Dance legend Twyla Tharp is presenting rarely seen works and new ones, including one featuring music from Bob Dylan‚Ä¶ https://t.co/VadBHMVkPH",0.0,77
09/20/2017,The New York Times,1.0,0.0,"Thumbs down doesn‚Äôt even begin to describe the comments we received about ""Mother!"" https://t.co/B7QMw9ZmEa",0.0,76
09/20/2017,The New York Times,0.644,0.356,"Moses Sumney‚Äôs debut album, ‚ÄúAromanticism,‚Äù examines the ways our culture idealizes couples in love https://t.co/gsBl7CZ6bo",0.802,75
09/20/2017,The New York Times,0.86,0.14,RT @FrancesRobles: The governor of Puerto Rico announced a curfew effective 6 p.m. to 6 a.m. until Saturday. (exceptions for media and emer‚Ä¶,0.4767,74
09/20/2017,The New York Times,0.895,0.105,RT @nytmike: EXCLUSIVE: Request to WH for dox shows that several actions Trump took in office are under scrutiny https://t.co/eeZYXj12mf,0.3034,73
09/20/2017,The New York Times,1.0,0.0,RT @nytgraphics: Satellite images show more than 200 Rohingya villages burned in Myanmar: https://t.co/RUBxl82Sx0 https://t.co/MvkF7u2ME4,0.0,72
09/20/2017,The New York Times,0.751,0.15,Republicans behind the last-minute effort to repeal the Affordable Care Act respond to another critic: Jimmy Kimmel https://t.co/A4L56oNP1f,0.2732,71
09/20/2017,The New York Times,0.872,0.128,"‚ÄúChuck and Nancy"" have forged what may be the most surprisingly potent partnership in President Trump‚Äôs Washington https://t.co/BVbphrgUft",0.3597,70
09/20/2017,The New York Times,0.758,0.242,"The iPhone 8 is a very good phone, but most of Apple‚Äôs improvements over the iPhone 7 are minor, writes @fmanjoo https://t.co/I2Ro3x6WGX",0.6643,69
09/20/2017,The New York Times,0.845,0.155,"Parliament Square in London is getting its first statue honoring a woman, and it's the first by a female sculptor https://t.co/OdZWC4LZ40",0.5106,68
09/20/2017,The New York Times,0.874,0.0,Here is a list of local and international organizations that are providing aid to Mexico's earthquake victims https://t.co/AcqcB35wqv,-0.3182,67
09/20/2017,The New York Times,0.852,0.148,The Fed confirmed its confidence in the economy by leaving rates unchanged and starting to unwind its bond holdings https://t.co/RibQoJ1PYR,0.5106,66
09/20/2017,The New York Times,0.762,0.119,"ü•ä ‚ÄúWhen he was in the ring, it was like he was in a cage fighting for his life‚Äù https://t.co/sYzetqF7F6",0.0,65
09/20/2017,The New York Times,0.667,0.227,The Russia inquiry‚Äôs special counsel is looking into Trump firing his national security adviser and FBI director https://t.co/yvEox3cbsY,0.4019,64
09/20/2017,The New York Times,1.0,0.0,Breaking News: Mueller has sought a range of records that suggest Trump's actions in office are under scrutiny https://t.co/5TDmkjRicc,0.0,63
09/20/2017,The New York Times,0.747,0.116,The MTA NYC Transit failed to finish final safety testing before opening the Second Avenue line to the public https://t.co/T9N8rkwTud,-0.128,62
09/20/2017,The New York Times,1.0,0.0,"Hurricane Maria battered Puerto Rico, and electricity was knocked out in the whole island https://t.co/HR58UMuKAU",0.0,61
09/20/2017,The New York Times,0.62,0.231,Where might a powerful quake strike in the United States? The Pacific Northwest and California are areas at risk. https://t.co/4ukOB9KsBZ,0.4588,60
09/20/2017,The New York Times,1.0,0.0,Lillian Ross became known as the consummate fly-on-the-wall reporter in a 6-decade career at The New Yorker https://t.co/1s2WdI0kMN,0.0,59
09/20/2017,The New York Times,1.0,0.0,RT @nytimesES: ¬øTe afect√≥ el sismo de ayer en M√©xico o a tu familia? ¬øC√≥mo lo viviste? D√©janos tu historia en los comentarios para que poda‚Ä¶,0.0,58
09/20/2017,The New York Times,0.783,0.0,A sect has tried to keep a low profile amid years of attacks by Sunni extremist groups that consider them heretics https://t.co/m3k5wyvEox,-0.6124,57
09/20/2017,The New York Times,1.0,0.0,RT @juliamoskin: Come on. https://t.co/RwUkI4y1qf,0.0,56
09/20/2017,The New York Times,0.833,0.0,"Opinion: Tragic interactions between disabled people and the police are terrifyingly common, writes Steve Silberman https://t.co/au4lC543oq",-0.4588,55
09/20/2017,The New York Times,0.855,0.145,The fashion editors of @tmagazine and @NYTStyles share their personal highlights of #LFW https://t.co/HgQpLyvT4T,0.296,54
09/20/2017,The New York Times,1.0,0.0,"The world‚Äôs 9 nuclear-armed countries, including the U.S. and North Korea, declined to sign the treaty https://t.co/xMXMcCaHfx",0.0,53
09/20/2017,The New York Times,0.854,0.0,Leaders and diplomats from dozens of countries signed a treaty at the #UNGA that will outlaw nuclear weapons https://t.co/xMXMcCaHfx,-0.4404,52
09/20/2017,The New York Times,0.824,0.0,Linda Hamilton will be back as Sarah Connor ‚Äî never mind that she was killed off before the events of ‚ÄúTerminator 3‚Äù https://t.co/X3BofYUSz6,-0.6705,51
09/20/2017,The New York Times,0.668,0.093,"‚ÄúTo see a parent carry their own dead baby is something I will never forget"" https://t.co/UZSPQfC4Wa",-0.5624,50
09/20/2017,The New York Times,1.0,0.0,Here‚Äôs a rundown of some of iOS 11‚Äôs biggest features https://t.co/CPmes4k6MW,0.0,49
09/20/2017,The New York Times,0.594,0.223,The latest effort to repeal Obamacare could create both flexibility and chaos for states https://t.co/WqDyUMRCxI,-0.0516,48
09/20/2017,The New York Times,0.838,0.0,The police raided the offices of the Catalan regional government and arrested at least 14 people https://t.co/LXfd7QWXq8,-0.4767,47
09/20/2017,The New York Times,0.845,0.0,Opinion: I wanted people to know I was bipolar ‚Äî that the ‚Äúmadman‚Äù they‚Äôd been covering for was a sick young man https://t.co/mUmXVvGts9,-0.5106,46
09/20/2017,The New York Times,0.817,0.183,Senators Elizabeth Warren and Bernie Sanders are taking different paths to win new fans ahead of 2020 https://t.co/tSB6MltG6V,0.5859,45
09/20/2017,The New York Times,0.68,0.141,"After brawling his way to a middleweight boxing championship, LaMotta became a pop culture symbol of anger https://t.co/vWR806QYFe",-0.2023,44
09/20/2017,The New York Times,0.714,0.134,"Breaking News: Jake LaMotta, the legendary boxer who inspired the Oscar-winning film ‚ÄúRaging Bull,‚Äù has died at 95 https://t.co/vWR806QYFe",-0.1027,43
09/20/2017,The New York Times,0.865,0.0,"Kevin Durant regrets his tweets about the Oklahoma City Thunder, saying they were ""childish"" and ""idiotic"" https://t.co/Qk5Yqw6Eih",-0.3612,42
09/20/2017,The New York Times,1.0,0.0,RT @nytopinion: A Swedish man was sent undercover by a British anti-racist watchdog group to insinuate himself into the alt-right https://t‚Ä¶,0.0,41
09/20/2017,The New York Times,0.859,0.0,"Outta here! The record for most combined home runs in a single season, set in 2000, has fallen. https://t.co/ZQz4ybAXWZ",-0.4199,40
09/20/2017,The New York Times,0.9,0.0,"Penny was just 1 year old, the latest victim of an opioid epidemic that is now taking 60,000 lives a year https://t.co/e76Ej8jthm",-0.2732,39
09/20/2017,The New York Times,1.0,0.0,"Trump declined to tell reporters what he planned to do, though, saying, ‚ÄúI‚Äôll let you know what the decision is‚Äù https://t.co/WInebVOPme",0.0,38
09/20/2017,The New York Times,0.895,0.0,"President Trump: ""We have a big one going right now ‚Äî I‚Äôve never seen winds like this ‚Äî in Puerto Rico"" https://t.co/1C0p0js6Nh",-0.2755,37
09/20/2017,The New York Times,1.0,0.0,We scoured the internet for political writing from the right and left that you might not have seen https://t.co/YTYjBPdfNC,0.0,36
09/20/2017,The New York Times,0.766,0.127,"President Trump is now fully engaged in two nuclear confrontations, one with Iran and the other with North Korea https://t.co/muyrDSmHPw",0.1263,35
09/20/2017,The New York Times,1.0,0.0,‚ÄúIt‚Äôs very characteristic of the Mexican people: We stand together‚Äù https://t.co/mXNAR9j3NN,0.0,34
09/20/2017,The New York Times,0.741,0.259,RT @nytvideo: Hurricane Maria reached Puerto Rico as a powerful Category 4 storm early Wednesday. https://t.co/DdnVOtWHRz,0.4939,33
09/20/2017,The New York Times,0.851,0.0,"Why Documenta, a world-famous art exhibition, needed a government bailout https://t.co/14cmG5JKJm",-0.1027,32
09/20/2017,The New York Times,0.8,0.0,Gov. Rossell√≥ said that 61% of Puerto Rico had lost power and that he expected the island to lose power entirely https://t.co/YKMiQwgRbP,-0.6124,31
09/20/2017,The New York Times,1.0,0.0,A look at the buildings that toppled in Mexico's earthquake https://t.co/SY9rGqIqqz,0.0,30
09/20/2017,The New York Times,0.688,0.0,"""That is the most difficult thing: to feel that you are useless, not worth as much as before"" https://t.co/pzkd5mEenm",-0.7398,29
09/20/2017,The New York Times,0.773,0.227,Explore some of the chic hotels that are inviting guests to a revitalized Los Angeles. Our #Daily360: https://t.co/9fHoPjzRRD,0.5267,28
09/20/2017,The New York Times,0.746,0.254,"""We have to get actively involved in helping the corals come back."" Researchers want to breed corals in labs: https://t.co/B9VXiYDb31",0.5859,27
09/20/2017,The New York Times,0.84,0.0,RT @nytgraphics: We‚Äôre mapping buildings that collapsed in Mexico City. https://t.co/mu5IVS3QQ8 https://t.co/vTf4UIxptS,-0.2732,26
09/20/2017,The New York Times,1.0,0.0,Morning Briefing: Here's what you need to know to start your day https://t.co/Ivbg7HCqFm https://t.co/B5sucO5o6S,0.0,25
09/20/2017,The New York Times,0.608,0.0,Jimmy Kimmel accuses Bill Cassidy of lying. Our late-night roundup: https://t.co/mV57JCOWQV,-0.7003,24
09/20/2017,The New York Times,0.855,0.145,"Amazon is ""reviewing"" its website after it suggested bomb-making items https://t.co/Qaw0S7o40x",0.1779,23
09/20/2017,The New York Times,0.548,0.0,A bystander narrowly escaped death when a Russian military helicopter accidentally fired rockets into a parking lot https://t.co/6Tuq8H9Q1J,-0.872,22
09/20/2017,The New York Times,0.579,0.0,Three people have been arrested in Wales in connection with the terrorist attack at a London Tube station https://t.co/SWBgAiYLTA,-0.8979,21
09/20/2017,The New York Times,0.818,0.101,"""Isn't that the Trump lawyer?"" Here's how our reporter @kenvogel landed an accidental scoop. https://t.co/PAA7gi2VdU",0.0772,20
09/20/2017,The New York Times,0.891,0.109,"Opinion: When will black lives matter in St. Louis?
 https://t.co/kV2RyDmdpd",0.0258,19
09/20/2017,The New York Times,0.547,0.0,Trump's threat to destroy North Korea provoked a debate about whether he had violated a tenet of the UN Charter https://t.co/y9CaOfNDkz,-0.9081,18
09/20/2017,The New York Times,1.0,0.0,Opinion: Undercover with the alt-right https://t.co/tmsXY3yL9B,0.0,17
09/20/2017,The New York Times,1.0,0.0,"The U.S. is taking in 50 refugees from offshore camps, Australia says https://t.co/Xy1MdId6ZS",0.0,16
09/20/2017,The New York Times,1.0,0.0,Tracking Hurricane Maria's path https://t.co/4giGPuehRC https://t.co/tz7Voan81V,0.0,15
09/20/2017,The New York Times,1.0,0.0,5th graders in South Carolina were asked to explain the KKK's thinking https://t.co/ljDwBcWeaB,0.0,14
09/20/2017,The New York Times,1.0,0.0,"RT @RorySmith: I've spent the last 10 months with @IlkayGuendogan as he rebuilt his knee.

This is the story of his long road back.
https:/‚Ä¶",0.0,13
09/20/2017,The New York Times,1.0,0.0,Morning Briefing: Here's what you need to know to start your day https://t.co/huQiUgtnOL https://t.co/XPougGHlLP,0.0,12
09/20/2017,The New York Times,0.859,0.0,"""I can't believe I'm alive,"" said a woman in Mexico who broke her foot as she escaped a building https://t.co/duRzF4HnOW",-0.4215,11
09/20/2017,The New York Times,1.0,0.0,The CEO of KB Home was recorded yelling a series of sexist and homophobic slurs at Kathy Griffin https://t.co/tjaGf7JV5m,0.0,10
09/20/2017,The New York Times,0.861,0.0,Mexico City‚Äôs mayor said buildings collapsed at 44 different locations in the capital https://t.co/xDv6GmGNjI,-0.2732,9
09/20/2017,The New York Times,0.645,0.0,Opinion: Expect the inquisition https://t.co/dMPRAbLZwb,-0.296,8
09/20/2017,The New York Times,0.833,0.167,Breaking News: Hurricane Maria has made landfall on Puerto Rico as a powerful Category 4 storm https://t.co/SlgfSmIivc,0.4215,7
09/20/2017,The New York Times,1.0,0.0,A look at the buildings that toppled in Mexico's earthquake https://t.co/Pv64S5IzWt,0.0,6
09/20/2017,The New York Times,1.0,0.0,"Subscribe to The Daily, a new audio news report hosted by @mikiebarb, here: https://t.co/FGrU0Lukse",0.0,5
09/20/2017,The New York Times,0.682,0.318,America First at the United Nations https://t.co/BYpdJFsWM5,0.4215,4
09/20/2017,The New York Times,0.774,0.226,It was really only a matter of time before President Trump chimed in on the Emmy Awards https://t.co/TBCmyOqOKX,0.5233,3
09/20/2017,The New York Times,1.0,0.0,Morning¬†Briefing: Here's what you need to know to start your day https://t.co/YVPHMOuOtu https://t.co/y5B0aIm1qC,0.0,2
09/20/2017,The New York Times,0.547,0.0,Trump's threat to destroy North Korea provoked a debate about whether he had violated a tenet of the UN Charter https://t.co/7iEIr4nfWy,-0.9081,1
